#
# There is insufficient memory for the Java Runtime Environment to continue.
# Native memory allocation (malloc) failed to allocate 1425088 bytes. Error detail: Chunk::new
# Possible reasons:
#   The system is out of physical RAM or swap space
#   This process is running with CompressedOops enabled, and the Java Heap may be blocking the growth of the native heap
# Possible solutions:
#   Reduce memory load on the system
#   Increase physical memory or swap space
#   Check if swap backing store is full
#   Decrease Java heap size (-Xmx/-Xms)
#   Decrease number of Java threads
#   Decrease Java thread stack sizes (-Xss)
#   Set larger code cache with -XX:ReservedCodeCacheSize=
#   JVM is running with Zero Based Compressed Oops mode in which the Java heap is
#     placed in the first 32GB address space. The Java Heap base address is the
#     maximum limit for the native heap growth. Please use -XX:HeapBaseMinAddress
#     to set the Java Heap base and to place the Java Heap above 32GB virtual address.
# This output file may be truncated or incomplete.
#
#  Out of Memory Error (arena.cpp:191), pid=1728, tid=8400
#
# JRE version: OpenJDK Runtime Environment Corretto-17.0.17.10.1 (17.0.17+10) (build 17.0.17+10-LTS)
# Java VM: OpenJDK 64-Bit Server VM Corretto-17.0.17.10.1 (17.0.17+10-LTS, mixed mode, sharing, tiered, compressed oops, compressed class ptrs, parallel gc, windows-amd64)
# No core dump will be written. Minidumps are not enabled by default on client versions of Windows
#

---------------  S U M M A R Y ------------

Command Line: --add-opens=java.base/java.lang=ALL-UNNAMED --add-opens=java.base/java.lang.invoke=ALL-UNNAMED --add-opens=java.base/java.util=ALL-UNNAMED --add-opens=java.prefs/java.util.prefs=ALL-UNNAMED --add-exports=jdk.compiler/com.sun.tools.javac.api=ALL-UNNAMED --add-exports=jdk.compiler/com.sun.tools.javac.util=ALL-UNNAMED --add-opens=java.base/java.util=ALL-UNNAMED --add-opens=java.prefs/java.util.prefs=ALL-UNNAMED --add-opens=java.base/java.nio.charset=ALL-UNNAMED --add-opens=java.base/java.net=ALL-UNNAMED --add-opens=java.base/java.util.concurrent=ALL-UNNAMED --add-opens=java.base/java.util.concurrent.atomic=ALL-UNNAMED --add-opens=java.xml/javax.xml.namespace=ALL-UNNAMED --add-opens=java.base/java.time=ALL-UNNAMED -XX:+HeapDumpOnOutOfMemoryError -XX:+UseParallelGC -Xms512m -Xmx4096m -Dfile.encoding=UTF-8 -Duser.country=ZA -Duser.language=en -Duser.variant -javaagent:C:\Users\indie\.gradle\wrapper\dists\gradle-9.2.1-bin\2t0n5ozlw9xmuyvbp7dnzaxug\gradle-9.2.1\lib\agents\gradle-instrumentation-agent-9.2.1.jar org.gradle.launcher.daemon.bootstrap.GradleDaemon 9.2.1

Host: AMD Ryzen 7 7730U with Radeon Graphics         , 16 cores, 5G,  Windows 11 , 64 bit Build 26100 (10.0.26100.8875)
Time: Sat Jul 18 20:08:01 2026 South Africa Standard Time elapsed time: 92.623783 seconds (0d 0h 1m 32s)

---------------  T H R E A D  ---------------

Current thread (0x0000018351191460):  JavaThread "C2 CompilerThread0" daemon [_thread_in_native, id=8400, stack(0x00000069ab800000,0x00000069ab900000)]


Current CompileTask:
C2:92623 31301       4       com.android.tools.r8.internal.wf0::a (1138 bytes)

Stack: [0x00000069ab800000,0x00000069ab900000]
Native frames: (J=compiled Java code, j=interpreted, Vv=VM code, C=native code)
V  [jvm.dll+0x68afd9]
V  [jvm.dll+0x841c09]
V  [jvm.dll+0x843978]
V  [jvm.dll+0x844003]
V  [jvm.dll+0x24ce4f]
V  [jvm.dll+0xaec76]
V  [jvm.dll+0xaf31c]
V  [jvm.dll+0x36e54e]
V  [jvm.dll+0x3388c5]
V  [jvm.dll+0x337d2a]
V  [jvm.dll+0x21dda9]
V  [jvm.dll+0x21d1ec]
V  [jvm.dll+0x1a8c70]
V  [jvm.dll+0x22d9fb]
V  [jvm.dll+0x22bb86]
V  [jvm.dll+0x7f747b]
V  [jvm.dll+0x7f187c]
V  [jvm.dll+0x689ee7]
C  [ucrtbase.dll+0x2cd30]
C  [KERNEL32.DLL+0x2e957]
C  [ntdll.dll+0xaad6c]


---------------  P R O C E S S  ---------------

Threads class SMR info:
_java_thread_list=0x0000018345901c00, length=258, elements={
0x00000183510f1380, 0x0000018370e5c7a0, 0x0000018370e5e200, 0x0000018370e6e8b0,
0x00000183511898b0, 0x000001835118ce00, 0x000001835118e9e0, 0x0000018351191460,
0x000001835119bd80, 0x0000018372359660, 0x00000183511565d0, 0x00000183725a6200,
0x0000018379b931a0, 0x0000018379ab01d0, 0x00000183799fb420, 0x0000018379adbef0,
0x0000018379b04c00, 0x0000018379b8ca00, 0x0000018379bac340, 0x0000018379bae1a0,
0x0000018379bad780, 0x0000018379babe30, 0x0000018379baebc0, 0x0000018379baf0d0,
0x0000018379bab920, 0x0000018379bac850, 0x0000018379bacd60, 0x000001837a073730,
0x000001837a075fb0, 0x000001837a0769d0, 0x000001837a073c40, 0x000001837a074150,
0x000001837a074660, 0x000001837a078320, 0x000001837a0773f0, 0x000001837a075590,
0x000001837a0764c0, 0x000001837a075080, 0x000001837a074b70, 0x000001837a07aba0,
0x000001837a078830, 0x000001837a07a180, 0x000001837a078d40, 0x000001837a079760,
0x000001837a079250, 0x000001837a079c70, 0x000001837a07a690, 0x000001837a07b0b0,
0x000001837c6fec50, 0x000001837c6fdd20, 0x000001837c6fd810, 0x000001837c6fc3d0,
0x000001837c6fd300, 0x000001837c6ff160, 0x000001837c6fb9b0, 0x000001837c6fe230,
0x000001837c6fe740, 0x000001837c6ff670, 0x000001837c6fbec0, 0x000001837c6ffb80,
0x000001837c700090, 0x000001837c6fc8e0, 0x000001837c7005a0, 0x000001837c6fcdf0,
0x000001837c7014d0, 0x000001837c700ab0, 0x000001837c703330, 0x000001837c700fc0,
0x000001837c7019e0, 0x000001837c701ef0, 0x000001837c702400, 0x000001837d488810,
0x000001837d48c4d0, 0x000001837d48bfc0, 0x000001837d48c9e0, 0x000001837d48ab80,
0x000001837d48a160, 0x000001837d489c50, 0x000001837d48b090, 0x000001837d48b5a0,
0x000001837d489230, 0x000001837d48bab0, 0x000001837d48cef0, 0x000001837d489740,
0x000001837d490190, 0x000001837d48d400, 0x000001837d48e330, 0x000001837d48d910,
0x000001837d48fc80, 0x000001837d48ed50, 0x000001837d48de20, 0x000001837d48e840,
0x000001837d48f260, 0x000001837d48f770, 0x0000018379badc90, 0x000001837b9ef3d0,
0x000001837b9ef8e0, 0x000001837b9ed570, 0x000001837b9efdf0, 0x000001837b9ee4a0,
0x000001837b9ed060, 0x000001837b9eda80, 0x000001837b9f0300, 0x000001837b9f1230,
0x000001837b9f0810, 0x000001837b9edf90, 0x000001837b9ee9b0, 0x000001837b9f1740,
0x000001837b9f0d20, 0x000001837b9f1c50, 0x000001837b9eeec0, 0x000001837b9f49e0,
0x000001837b9f44d0, 0x000001837b9f2160, 0x000001837b9f2670, 0x000001837b9f35a0,
0x000001837b9f3ab0, 0x000001837e770680, 0x000001837e76e310, 0x000001837e76f240,
0x000001837e76e820, 0x000001837e774d60, 0x000001837e772f00, 0x000001837e7729f0,
0x000001837e773410, 0x000001837e773920, 0x000001837e773e30, 0x000001837e7724e0,
0x000001837e775780, 0x000001837e775c90, 0x000001837e774340, 0x000001837e774850,
0x000001837e775270, 0x0000018379bae6b0, 0x0000018378d3f0c0, 0x0000018378d3f5d0,
0x0000018378d3cd50, 0x0000018378d3e190, 0x0000018378d3ebb0, 0x0000018378d3d770,
0x0000018378d3c840, 0x0000018378d40a10, 0x0000018378d40500, 0x0000018378d3d260,
0x0000018378d437a0, 0x0000018378d40f20, 0x0000018378d441c0, 0x0000018378d43290,
0x0000018378d41430, 0x0000018378d42870, 0x0000018378d41940, 0x0000018378d42d80,
0x0000018378d43cb0, 0x0000018378d41e50, 0x000001837c8c6c50, 0x000001837c8c6740,
0x000001837c8c7160, 0x000001837c8c7b80, 0x000001837c8c7670, 0x000001837c8c5810,
0x000001837c8c8090, 0x000001837c8c85a0, 0x000001837c8c5300, 0x000001837c8c4df0,
0x000001837c8c8ab0, 0x000001837c8c5d20, 0x000001837c8c8fc0, 0x000001837c8c94d0,
0x000001837c8c99e0, 0x000001837c8c6230, 0x000001837c8c9ef0, 0x000001837c8cc770,
0x000001837c8cb330, 0x000001837c8ca400, 0x000001837c8cc260, 0x000001837c8ca910,
0x000001837c8cbd50, 0x000001837c8cae20, 0x000001837c8cb840, 0x0000018378d42360,
0x000001837baecf40, 0x000001837baef2b0, 0x000001837baef7c0, 0x000001837baec010,
0x000001837baec520, 0x000001837baed960, 0x000001837baeca30, 0x000001837baeeda0,
0x000001837baefcd0, 0x000001837baf06f0, 0x000001837baf01e0, 0x000001837baf0c00,
0x000001837baede70, 0x000001837baee380, 0x000001837baee890, 0x000001837baed450,
0x000001837baf2040, 0x000001837baf3480, 0x000001837baf3990, 0x000001837baf2550,
0x000001837baf1110, 0x000001837baf1620, 0x000001837baf1b30, 0x000001837baf2a60,
0x000001837baf2f70, 0x000001837d48a670, 0x000001837d488d20, 0x000001837cf78960,
0x000001837cf79890, 0x000001837cf7a2b0, 0x000001837cf79380, 0x000001837cf77a30,
0x000001837cf79da0, 0x000001837cf7a7c0, 0x000001837cf77010, 0x000001837cf7acd0,
0x000001837cf77520, 0x000001837cf7b1e0, 0x000001837cf7b6f0, 0x000001837cf77f40,
0x000001837cf7bc00, 0x000001837cf78450, 0x000001837cf7cb30, 0x000001837cf7da60,
0x000001837cf7c110, 0x000001837cf7c620, 0x000001837cf7df70, 0x000001837cf7d040,
0x000001837cf7d550, 0x000001837cf7e480, 0x000001837cf7e990, 0x0000018378d3dc80,
0x000001837a077900, 0x000001837ba263a0, 0x000001837ba25980, 0x000001837ba26dc0,
0x000001837ba277e0, 0x000001837ba25e90, 0x000001837ba24030, 0x000001837ba27cf0,
0x000001837ba28200, 0x000001837ba24a50, 0x000001837ba28710, 0x000001837ba28c20,
0x000001837ba2a060, 0x000001837ba2bec0, 0x000001837ba2d810, 0x000001837ba2c3d0,
0x000001837ba2b4a0, 0x000001835119b2e0, 0x00000183475ff4f0, 0x00000183475ffa00,
0x000001837c5a5010, 0x000001837c5a3580, 0x000001835119d810, 0x000001837f2f39d0,
0x000001837f2f6450, 0x000001837f2f59b0
}

Java Threads: ( => current thread )
  0x00000183510f1380 JavaThread "main" [_thread_blocked, id=35068, stack(0x00000069aaf00000,0x00000069ab000000)]
  0x0000018370e5c7a0 JavaThread "Reference Handler" daemon [_thread_blocked, id=26204, stack(0x00000069ab200000,0x00000069ab300000)]
  0x0000018370e5e200 JavaThread "Finalizer" daemon [_thread_blocked, id=31216, stack(0x00000069ab300000,0x00000069ab400000)]
  0x0000018370e6e8b0 JavaThread "Signal Dispatcher" daemon [_thread_blocked, id=26636, stack(0x00000069ab400000,0x00000069ab500000)]
  0x00000183511898b0 JavaThread "Attach Listener" daemon [_thread_blocked, id=35264, stack(0x00000069ab500000,0x00000069ab600000)]
  0x000001835118ce00 JavaThread "Service Thread" daemon [_thread_in_vm, id=29440, stack(0x00000069ab600000,0x00000069ab700000)]
  0x000001835118e9e0 JavaThread "Monitor Deflation Thread" daemon [_thread_blocked, id=31372, stack(0x00000069ab700000,0x00000069ab800000)]
=>0x0000018351191460 JavaThread "C2 CompilerThread0" daemon [_thread_in_native, id=8400, stack(0x00000069ab800000,0x00000069ab900000)]
  0x000001835119bd80 JavaThread "C1 CompilerThread0" daemon [_thread_blocked, id=18752, stack(0x00000069ab900000,0x00000069aba00000)]
  0x0000018372359660 JavaThread "Sweeper thread" daemon [_thread_blocked, id=30140, stack(0x00000069aba00000,0x00000069abb00000)]
  0x00000183511565d0 JavaThread "Common-Cleaner" daemon [_thread_blocked, id=35464, stack(0x00000069abb00000,0x00000069abc00000)]
  0x00000183725a6200 JavaThread "Notification Thread" daemon [_thread_blocked, id=33928, stack(0x00000069abe00000,0x00000069abf00000)]
  0x0000018379b931a0 JavaThread "Daemon health stats" [_thread_blocked, id=11584, stack(0x00000069acb00000,0x00000069acc00000)]
  0x0000018379ab01d0 JavaThread "Incoming local TCP Connector on port 63777" [_thread_in_native, id=31952, stack(0x00000069acc00000,0x00000069acd00000)]
  0x00000183799fb420 JavaThread "Daemon periodic checks" [_thread_blocked, id=22492, stack(0x00000069acd00000,0x00000069ace00000)]
  0x0000018379adbef0 JavaThread "Daemon" [_thread_blocked, id=30816, stack(0x00000069ace00000,0x00000069acf00000)]
  0x0000018379b04c00 JavaThread "Handler for socket connection from /127.0.0.1:63777 to /127.0.0.1:63778" [_thread_in_native, id=35712, stack(0x00000069acf00000,0x00000069ad000000)]
  0x0000018379b8ca00 JavaThread "Cancel handler" [_thread_blocked, id=18712, stack(0x00000069ad000000,0x00000069ad100000)]
  0x0000018379bac340 JavaThread "Daemon worker" [_thread_blocked, id=9556, stack(0x00000069ad100000,0x00000069ad200000)]
  0x0000018379bae1a0 JavaThread "Asynchronous log dispatcher for DefaultDaemonConnection: socket connection from /127.0.0.1:63777 to /127.0.0.1:63778" [_thread_blocked, id=34764, stack(0x00000069ad200000,0x00000069ad300000)]
  0x0000018379bad780 JavaThread "Stdin handler" [_thread_blocked, id=8008, stack(0x00000069ad300000,0x00000069ad400000)]
  0x0000018379babe30 JavaThread "Daemon client event forwarder" [_thread_blocked, id=30272, stack(0x00000069ad400000,0x00000069ad500000)]
  0x0000018379baebc0 JavaThread "Cache worker for journal cache (C:\Users\indie\.gradle\caches\journal-1)" [_thread_blocked, id=3848, stack(0x00000069ad500000,0x00000069ad600000)]
  0x0000018379baf0d0 JavaThread "File lock request listener" [_thread_in_native, id=4904, stack(0x00000069ad600000,0x00000069ad700000)]
  0x0000018379bab920 JavaThread "Cache worker for file hash cache (C:\Users\indie\.gradle\caches\9.2.1\fileHashes)" [_thread_blocked, id=20668, stack(0x00000069ad700000,0x00000069ad800000)]
  0x0000018379bac850 JavaThread "Cache worker for file hash cache (C:\Users\indie\Documents\Projects\Kotlin Learning\Clicka\.gradle\9.2.1\fileHashes)" [_thread_blocked, id=35428, stack(0x00000069adb00000,0x00000069adc00000)]
  0x0000018379bacd60 JavaThread "Cache worker for Build Output Cleanup Cache (C:\Users\indie\Documents\Projects\Kotlin Learning\Clicka\.gradle\buildOutputCleanup)" [_thread_blocked, id=35664, stack(0x00000069adc00000,0x00000069add00000)]
  0x000001837a073730 JavaThread "File watcher server" daemon [_thread_blocked, id=22472, stack(0x00000069add00000,0x00000069ade00000)]
  0x000001837a075fb0 JavaThread "File watcher consumer" daemon [_thread_blocked, id=27420, stack(0x00000069ade00000,0x00000069adf00000)]
  0x000001837a0769d0 JavaThread "Cache worker for checksums cache (C:\Users\indie\Documents\Projects\Kotlin Learning\Clicka\.gradle\9.2.1\checksums)" [_thread_blocked, id=26544, stack(0x00000069adf00000,0x00000069ae000000)]
  0x000001837a073c40 JavaThread "Cache worker for file content cache (C:\Users\indie\.gradle\caches\9.2.1\fileContent)" [_thread_blocked, id=26736, stack(0x00000069ad800000,0x00000069ad900000)]
  0x000001837a074150 JavaThread "Cache worker for cache directory md-supplier (C:\Users\indie\.gradle\caches\9.2.1\md-supplier)" [_thread_blocked, id=18324, stack(0x00000069ae000000,0x00000069ae100000)]
  0x000001837a074660 JavaThread "Cache worker for cache directory md-rule (C:\Users\indie\.gradle\caches\9.2.1\md-rule)" [_thread_blocked, id=22072, stack(0x00000069ae100000,0x00000069ae200000)]
  0x000001837a078320 JavaThread "jar transforms" [_thread_blocked, id=29648, stack(0x00000069ae200000,0x00000069ae300000)]
  0x000001837a0773f0 JavaThread "jar transforms Thread 2" [_thread_blocked, id=11716, stack(0x00000069ae300000,0x00000069ae400000)]
  0x000001837a075590 JavaThread "jar transforms Thread 3" [_thread_blocked, id=28796, stack(0x00000069ae400000,0x00000069ae500000)]
  0x000001837a0764c0 JavaThread "Unconstrained build operations" [_thread_blocked, id=16688, stack(0x00000069ae500000,0x00000069ae600000)]
  0x000001837a075080 JavaThread "Unconstrained build operations Thread 2" [_thread_blocked, id=16172, stack(0x00000069ae600000,0x00000069ae700000)]
  0x000001837a074b70 JavaThread "Unconstrained build operations Thread 3" [_thread_blocked, id=35440, stack(0x00000069ae700000,0x00000069ae800000)]
  0x000001837a07aba0 JavaThread "Unconstrained build operations Thread 4" [_thread_blocked, id=10188, stack(0x00000069ae800000,0x00000069ae900000)]
  0x000001837a078830 JavaThread "Unconstrained build operations Thread 5" [_thread_blocked, id=23492, stack(0x00000069ae900000,0x00000069aea00000)]
  0x000001837a07a180 JavaThread "Unconstrained build operations Thread 6" [_thread_blocked, id=19840, stack(0x00000069aea00000,0x00000069aeb00000)]
  0x000001837a078d40 JavaThread "Unconstrained build operations Thread 7" [_thread_blocked, id=29112, stack(0x00000069aeb00000,0x00000069aec00000)]
  0x000001837a079760 JavaThread "Unconstrained build operations Thread 8" [_thread_blocked, id=8032, stack(0x00000069aec00000,0x00000069aed00000)]
  0x000001837a079250 JavaThread "Unconstrained build operations Thread 9" [_thread_blocked, id=32288, stack(0x00000069aed00000,0x00000069aee00000)]
  0x000001837a079c70 JavaThread "Unconstrained build operations Thread 10" [_thread_blocked, id=31708, stack(0x00000069aee00000,0x00000069aef00000)]
  0x000001837a07a690 JavaThread "Unconstrained build operations Thread 11" [_thread_blocked, id=15268, stack(0x00000069aef00000,0x00000069af000000)]
  0x000001837a07b0b0 JavaThread "Unconstrained build operations Thread 12" [_thread_blocked, id=35260, stack(0x00000069af000000,0x00000069af100000)]
  0x000001837c6fec50 JavaThread "Unconstrained build operations Thread 13" [_thread_blocked, id=35268, stack(0x00000069af100000,0x00000069af200000)]
  0x000001837c6fdd20 JavaThread "Unconstrained build operations Thread 14" [_thread_blocked, id=17248, stack(0x00000069af200000,0x00000069af300000)]
  0x000001837c6fd810 JavaThread "Unconstrained build operations Thread 15" [_thread_blocked, id=5216, stack(0x00000069af300000,0x00000069af400000)]
  0x000001837c6fc3d0 JavaThread "Unconstrained build operations Thread 16" [_thread_blocked, id=16760, stack(0x00000069af400000,0x00000069af500000)]
  0x000001837c6fd300 JavaThread "Unconstrained build operations Thread 17" [_thread_blocked, id=25036, stack(0x00000069af500000,0x00000069af600000)]
  0x000001837c6ff160 JavaThread "Unconstrained build operations Thread 18" [_thread_blocked, id=15912, stack(0x00000069af600000,0x00000069af700000)]
  0x000001837c6fb9b0 JavaThread "Unconstrained build operations Thread 19" [_thread_blocked, id=35520, stack(0x00000069af700000,0x00000069af800000)]
  0x000001837c6fe230 JavaThread "Unconstrained build operations Thread 20" [_thread_blocked, id=24692, stack(0x00000069af800000,0x00000069af900000)]
  0x000001837c6fe740 JavaThread "jar transforms Thread 4" [_thread_blocked, id=23392, stack(0x00000069af900000,0x00000069afa00000)]
  0x000001837c6ff670 JavaThread "jar transforms Thread 5" [_thread_blocked, id=20508, stack(0x00000069afa00000,0x00000069afb00000)]
  0x000001837c6fbec0 JavaThread "Unconstrained build operations Thread 21" [_thread_blocked, id=13980, stack(0x00000069afb00000,0x00000069afc00000)]
  0x000001837c6ffb80 JavaThread "Unconstrained build operations Thread 22" [_thread_blocked, id=17752, stack(0x00000069afc00000,0x00000069afd00000)]
  0x000001837c700090 JavaThread "Unconstrained build operations Thread 23" [_thread_blocked, id=2752, stack(0x00000069afd00000,0x00000069afe00000)]
  0x000001837c6fc8e0 JavaThread "Unconstrained build operations Thread 24" [_thread_blocked, id=19272, stack(0x00000069afe00000,0x00000069aff00000)]
  0x000001837c7005a0 JavaThread "Unconstrained build operations Thread 25" [_thread_blocked, id=17936, stack(0x00000069aff00000,0x00000069b0000000)]
  0x000001837c6fcdf0 JavaThread "Unconstrained build operations Thread 26" [_thread_blocked, id=19812, stack(0x00000069b0000000,0x00000069b0100000)]
  0x000001837c7014d0 JavaThread "Unconstrained build operations Thread 27" [_thread_blocked, id=17864, stack(0x00000069b0100000,0x00000069b0200000)]
  0x000001837c700ab0 JavaThread "Unconstrained build operations Thread 28" [_thread_blocked, id=17920, stack(0x00000069b0200000,0x00000069b0300000)]
  0x000001837c703330 JavaThread "Unconstrained build operations Thread 29" [_thread_blocked, id=6892, stack(0x00000069b0300000,0x00000069b0400000)]
  0x000001837c700fc0 JavaThread "Unconstrained build operations Thread 30" [_thread_blocked, id=35356, stack(0x00000069b0400000,0x00000069b0500000)]
  0x000001837c7019e0 JavaThread "jar transforms Thread 6" [_thread_blocked, id=14008, stack(0x00000069b0500000,0x00000069b0600000)]
  0x000001837c701ef0 JavaThread "jar transforms Thread 7" [_thread_blocked, id=17720, stack(0x00000069b0600000,0x00000069b0700000)]
  0x000001837c702400 JavaThread "jar transforms Thread 8" [_thread_blocked, id=26484, stack(0x00000069b0700000,0x00000069b0800000)]
  0x000001837d488810 JavaThread "Unconstrained build operations Thread 31" [_thread_blocked, id=33860, stack(0x00000069b0900000,0x00000069b0a00000)]
  0x000001837d48c4d0 JavaThread "Unconstrained build operations Thread 32" [_thread_blocked, id=31668, stack(0x00000069b0a00000,0x00000069b0b00000)]
  0x000001837d48bfc0 JavaThread "Unconstrained build operations Thread 33" [_thread_blocked, id=6928, stack(0x00000069b0b00000,0x00000069b0c00000)]
  0x000001837d48c9e0 JavaThread "Unconstrained build operations Thread 34" [_thread_blocked, id=3948, stack(0x00000069b0c00000,0x00000069b0d00000)]
  0x000001837d48ab80 JavaThread "Unconstrained build operations Thread 35" [_thread_blocked, id=26600, stack(0x00000069b0d00000,0x00000069b0e00000)]
  0x000001837d48a160 JavaThread "Unconstrained build operations Thread 36" [_thread_blocked, id=12428, stack(0x00000069b0e00000,0x00000069b0f00000)]
  0x000001837d489c50 JavaThread "Unconstrained build operations Thread 37" [_thread_blocked, id=26232, stack(0x00000069b0f00000,0x00000069b1000000)]
  0x000001837d48b090 JavaThread "Unconstrained build operations Thread 38" [_thread_blocked, id=30428, stack(0x00000069b1000000,0x00000069b1100000)]
  0x000001837d48b5a0 JavaThread "Unconstrained build operations Thread 39" [_thread_blocked, id=2056, stack(0x00000069b1100000,0x00000069b1200000)]
  0x000001837d489230 JavaThread "Unconstrained build operations Thread 40" [_thread_blocked, id=25340, stack(0x00000069b1200000,0x00000069b1300000)]
  0x000001837d48bab0 JavaThread "Unconstrained build operations Thread 41" [_thread_blocked, id=34944, stack(0x00000069b1300000,0x00000069b1400000)]
  0x000001837d48cef0 JavaThread "Unconstrained build operations Thread 42" [_thread_blocked, id=24620, stack(0x00000069b1400000,0x00000069b1500000)]
  0x000001837d489740 JavaThread "Unconstrained build operations Thread 43" [_thread_blocked, id=17220, stack(0x00000069b1500000,0x00000069b1600000)]
  0x000001837d490190 JavaThread "Unconstrained build operations Thread 44" [_thread_blocked, id=35648, stack(0x00000069b1600000,0x00000069b1700000)]
  0x000001837d48d400 JavaThread "Unconstrained build operations Thread 45" [_thread_blocked, id=31660, stack(0x00000069b1700000,0x00000069b1800000)]
  0x000001837d48e330 JavaThread "Unconstrained build operations Thread 46" [_thread_blocked, id=17584, stack(0x00000069b1800000,0x00000069b1900000)]
  0x000001837d48d910 JavaThread "Unconstrained build operations Thread 47" [_thread_blocked, id=25884, stack(0x00000069b1900000,0x00000069b1a00000)]
  0x000001837d48fc80 JavaThread "Unconstrained build operations Thread 48" [_thread_blocked, id=33388, stack(0x00000069b1a00000,0x00000069b1b00000)]
  0x000001837d48ed50 JavaThread "Unconstrained build operations Thread 49" [_thread_blocked, id=35012, stack(0x00000069b1b00000,0x00000069b1c00000)]
  0x000001837d48de20 JavaThread "Unconstrained build operations Thread 50" [_thread_blocked, id=35416, stack(0x00000069b1c00000,0x00000069b1d00000)]
  0x000001837d48e840 JavaThread "Unconstrained build operations Thread 51" [_thread_blocked, id=31964, stack(0x00000069b1d00000,0x00000069b1e00000)]
  0x000001837d48f260 JavaThread "Unconstrained build operations Thread 52" [_thread_blocked, id=2928, stack(0x00000069b1e00000,0x00000069b1f00000)]
  0x000001837d48f770 JavaThread "Unconstrained build operations Thread 53" [_thread_blocked, id=29012, stack(0x00000069b1f00000,0x00000069b2000000)]
  0x0000018379badc90 JavaThread "Unconstrained build operations Thread 54" [_thread_blocked, id=26808, stack(0x00000069b2000000,0x00000069b2100000)]
  0x000001837b9ef3d0 JavaThread "Unconstrained build operations Thread 55" [_thread_blocked, id=5220, stack(0x00000069b2100000,0x00000069b2200000)]
  0x000001837b9ef8e0 JavaThread "Unconstrained build operations Thread 56" [_thread_blocked, id=25608, stack(0x00000069b2200000,0x00000069b2300000)]
  0x000001837b9ed570 JavaThread "Unconstrained build operations Thread 57" [_thread_blocked, id=34208, stack(0x00000069b2300000,0x00000069b2400000)]
  0x000001837b9efdf0 JavaThread "Unconstrained build operations Thread 58" [_thread_blocked, id=31776, stack(0x00000069b2400000,0x00000069b2500000)]
  0x000001837b9ee4a0 JavaThread "Unconstrained build operations Thread 59" [_thread_blocked, id=23252, stack(0x00000069b2500000,0x00000069b2600000)]
  0x000001837b9ed060 JavaThread "Unconstrained build operations Thread 60" [_thread_blocked, id=31556, stack(0x00000069b2600000,0x00000069b2700000)]
  0x000001837b9eda80 JavaThread "Unconstrained build operations Thread 61" [_thread_blocked, id=19220, stack(0x00000069b2700000,0x00000069b2800000)]
  0x000001837b9f0300 JavaThread "Unconstrained build operations Thread 62" [_thread_blocked, id=19896, stack(0x00000069b2800000,0x00000069b2900000)]
  0x000001837b9f1230 JavaThread "Unconstrained build operations Thread 63" [_thread_blocked, id=30912, stack(0x00000069b2900000,0x00000069b2a00000)]
  0x000001837b9f0810 JavaThread "Unconstrained build operations Thread 64" [_thread_blocked, id=10668, stack(0x00000069b2a00000,0x00000069b2b00000)]
  0x000001837b9edf90 JavaThread "Unconstrained build operations Thread 65" [_thread_blocked, id=27296, stack(0x00000069b2b00000,0x00000069b2c00000)]
  0x000001837b9ee9b0 JavaThread "Unconstrained build operations Thread 66" [_thread_blocked, id=23484, stack(0x00000069b2c00000,0x00000069b2d00000)]
  0x000001837b9f1740 JavaThread "Unconstrained build operations Thread 67" [_thread_blocked, id=27468, stack(0x00000069b2d00000,0x00000069b2e00000)]
  0x000001837b9f0d20 JavaThread "Unconstrained build operations Thread 68" [_thread_blocked, id=26264, stack(0x00000069b2e00000,0x00000069b2f00000)]
  0x000001837b9f1c50 JavaThread "Unconstrained build operations Thread 69" [_thread_blocked, id=29164, stack(0x00000069b2f00000,0x00000069b3000000)]
  0x000001837b9eeec0 JavaThread "Unconstrained build operations Thread 70" [_thread_blocked, id=32016, stack(0x00000069b3000000,0x00000069b3100000)]
  0x000001837b9f49e0 JavaThread "Unconstrained build operations Thread 71" [_thread_blocked, id=32752, stack(0x00000069b3100000,0x00000069b3200000)]
  0x000001837b9f44d0 JavaThread "Unconstrained build operations Thread 72" [_thread_blocked, id=14620, stack(0x00000069b3200000,0x00000069b3300000)]
  0x000001837b9f2160 JavaThread "Unconstrained build operations Thread 73" [_thread_blocked, id=25408, stack(0x00000069b3300000,0x00000069b3400000)]
  0x000001837b9f2670 JavaThread "Unconstrained build operations Thread 74" [_thread_blocked, id=33868, stack(0x00000069b3400000,0x00000069b3500000)]
  0x000001837b9f35a0 JavaThread "Unconstrained build operations Thread 75" [_thread_blocked, id=32960, stack(0x00000069b3500000,0x00000069b3600000)]
  0x000001837b9f3ab0 JavaThread "build event listener" [_thread_blocked, id=29764, stack(0x00000069b0800000,0x00000069b0900000)]
  0x000001837e770680 JavaThread "Memory manager" [_thread_blocked, id=35280, stack(0x00000069b3600000,0x00000069b3700000)]
  0x000001837e76e310 JavaThread "build event listener" [_thread_blocked, id=35560, stack(0x00000069b3700000,0x00000069b3800000)]
  0x000001837e76f240 JavaThread "build event listener" [_thread_blocked, id=4376, stack(0x00000069b3800000,0x00000069b3900000)]
  0x000001837e76e820 JavaThread "ForkJoinPool.commonPool-worker-1" daemon [_thread_blocked, id=32560, stack(0x00000069b3d00000,0x00000069b3e00000)]
  0x000001837e774d60 JavaThread "ForkJoinPool.commonPool-worker-2" daemon [_thread_blocked, id=32972, stack(0x00000069b3e00000,0x00000069b3f00000)]
  0x000001837e772f00 JavaThread "ForkJoinPool.commonPool-worker-3" daemon [_thread_blocked, id=33840, stack(0x00000069b3f00000,0x00000069b4000000)]
  0x000001837e7729f0 JavaThread "ForkJoinPool.commonPool-worker-4" daemon [_thread_blocked, id=15016, stack(0x00000069b4000000,0x00000069b4100000)]
  0x000001837e773410 JavaThread "ForkJoinPool.commonPool-worker-5" daemon [_thread_blocked, id=13568, stack(0x00000069b4100000,0x00000069b4200000)]
  0x000001837e773920 JavaThread "ForkJoinPool.commonPool-worker-6" daemon [_thread_blocked, id=29092, stack(0x00000069b4200000,0x00000069b4300000)]
  0x000001837e773e30 JavaThread "ForkJoinPool.commonPool-worker-7" daemon [_thread_blocked, id=22100, stack(0x00000069b4300000,0x00000069b4400000)]
  0x000001837e7724e0 JavaThread "ForkJoinPool.commonPool-worker-8" daemon [_thread_blocked, id=10472, stack(0x00000069b4400000,0x00000069b4500000)]
  0x000001837e775780 JavaThread "ForkJoinPool.commonPool-worker-9" daemon [_thread_blocked, id=33124, stack(0x00000069b4500000,0x00000069b4600000)]
  0x000001837e775c90 JavaThread "ForkJoinPool.commonPool-worker-10" daemon [_thread_blocked, id=18652, stack(0x00000069b4600000,0x00000069b4700000)]
  0x000001837e774340 JavaThread "ForkJoinPool.commonPool-worker-11" daemon [_thread_blocked, id=32336, stack(0x00000069b4700000,0x00000069b4800000)]
  0x000001837e774850 JavaThread "Exec process" daemon [_thread_blocked, id=3256, stack(0x00000069b4800000,0x00000069b4900000)]
  0x000001837e775270 JavaThread "ForkJoinPool.commonPool-worker-12" daemon [_thread_blocked, id=29140, stack(0x00000069b4900000,0x00000069b4a00000)]
  0x0000018379bae6b0 JavaThread "Exec process Thread 2" daemon [_thread_blocked, id=17384, stack(0x00000069b4a00000,0x00000069b4b00000)]
  0x0000018378d3f0c0 JavaThread "ForkJoinPool.commonPool-worker-13" daemon [_thread_blocked, id=30444, stack(0x00000069b4b00000,0x00000069b4c00000)]
  0x0000018378d3f5d0 JavaThread "Exec process Thread 3" daemon [_thread_blocked, id=11548, stack(0x00000069b4c00000,0x00000069b4d00000)]
  0x0000018378d3cd50 JavaThread "ForkJoinPool.commonPool-worker-14" daemon [_thread_blocked, id=29708, stack(0x00000069abc00000,0x00000069abd00000)]
  0x0000018378d3e190 JavaThread "ForkJoinPool.commonPool-worker-15" daemon [_thread_blocked, id=3672, stack(0x00000069ac100000,0x00000069ac200000)]
  0x0000018378d3ebb0 JavaThread "pool-3-thread-1" [_thread_blocked, id=30176, stack(0x00000069abd00000,0x00000069abe00000)]
  0x0000018378d3d770 JavaThread "build event listener" [_thread_blocked, id=18228, stack(0x00000069b3900000,0x00000069b3a00000)]
  0x0000018378d3c840 JavaThread "included builds" [_thread_blocked, id=11552, stack(0x00000069b3c00000,0x00000069b3d00000)]
  0x0000018378d40a10 JavaThread "Execution worker" [_thread_blocked, id=26724, stack(0x00000069b4f00000,0x00000069b5000000)]
  0x0000018378d40500 JavaThread "Execution worker Thread 2" [_thread_blocked, id=32296, stack(0x00000069b5000000,0x00000069b5100000)]
  0x0000018378d3d260 JavaThread "Execution worker Thread 3" [_thread_blocked, id=28980, stack(0x00000069b5100000,0x00000069b5200000)]
  0x0000018378d437a0 JavaThread "Execution worker Thread 4" [_thread_blocked, id=24808, stack(0x00000069b5200000,0x00000069b5300000)]
  0x0000018378d40f20 JavaThread "Execution worker Thread 5" [_thread_blocked, id=24096, stack(0x00000069b5300000,0x00000069b5400000)]
  0x0000018378d441c0 JavaThread "Execution worker Thread 6" [_thread_blocked, id=13280, stack(0x00000069b5400000,0x00000069b5500000)]
  0x0000018378d43290 JavaThread "Execution worker Thread 7" [_thread_blocked, id=27300, stack(0x00000069b5500000,0x00000069b5600000)]
  0x0000018378d41430 JavaThread "Execution worker Thread 8" [_thread_blocked, id=31288, stack(0x00000069b5600000,0x00000069b5700000)]
  0x0000018378d42870 JavaThread "Execution worker Thread 9" [_thread_blocked, id=6872, stack(0x00000069b5700000,0x00000069b5800000)]
  0x0000018378d41940 JavaThread "Execution worker Thread 10" [_thread_blocked, id=29616, stack(0x00000069b5800000,0x00000069b5900000)]
  0x0000018378d42d80 JavaThread "Execution worker Thread 11" [_thread_blocked, id=34696, stack(0x00000069b5900000,0x00000069b5a00000)]
  0x0000018378d43cb0 JavaThread "Execution worker Thread 12" [_thread_blocked, id=29448, stack(0x00000069b5a00000,0x00000069b5b00000)]
  0x0000018378d41e50 JavaThread "Execution worker Thread 13" [_thread_blocked, id=30688, stack(0x00000069b5b00000,0x00000069b5c00000)]
  0x000001837c8c6c50 JavaThread "Execution worker Thread 14" [_thread_blocked, id=23540, stack(0x00000069b5c00000,0x00000069b5d00000)]
  0x000001837c8c6740 JavaThread "Execution worker Thread 15" [_thread_blocked, id=21700, stack(0x00000069b5d00000,0x00000069b5e00000)]
  0x000001837c8c7160 JavaThread "Cache worker for execution history cache (C:\Users\indie\Documents\Projects\Kotlin Learning\Clicka\.gradle\9.2.1\executionHistory)" [_thread_blocked, id=6440, stack(0x00000069b5e00000,0x00000069b5f00000)]
  0x000001837c8c7b80 JavaThread "Unconstrained build operations Thread 76" [_thread_blocked, id=31220, stack(0x00000069b6100000,0x00000069b6200000)]
  0x000001837c8c7670 JavaThread "Unconstrained build operations Thread 77" [_thread_blocked, id=11556, stack(0x00000069b6200000,0x00000069b6300000)]
  0x000001837c8c5810 JavaThread "Unconstrained build operations Thread 78" [_thread_blocked, id=35660, stack(0x00000069b6300000,0x00000069b6400000)]
  0x000001837c8c8090 JavaThread "Unconstrained build operations Thread 79" [_thread_blocked, id=35136, stack(0x00000069b6400000,0x00000069b6500000)]
  0x000001837c8c85a0 JavaThread "Unconstrained build operations Thread 80" [_thread_blocked, id=14904, stack(0x00000069b6500000,0x00000069b6600000)]
  0x000001837c8c5300 JavaThread "Unconstrained build operations Thread 81" [_thread_blocked, id=30708, stack(0x00000069b6600000,0x00000069b6700000)]
  0x000001837c8c4df0 JavaThread "Unconstrained build operations Thread 82" [_thread_blocked, id=33216, stack(0x00000069b6700000,0x00000069b6800000)]
  0x000001837c8c8ab0 JavaThread "Unconstrained build operations Thread 83" [_thread_blocked, id=7204, stack(0x00000069b6800000,0x00000069b6900000)]
  0x000001837c8c5d20 JavaThread "Unconstrained build operations Thread 84" [_thread_blocked, id=32524, stack(0x00000069b6900000,0x00000069b6a00000)]
  0x000001837c8c8fc0 JavaThread "Unconstrained build operations Thread 85" [_thread_blocked, id=31304, stack(0x00000069b6a00000,0x00000069b6b00000)]
  0x000001837c8c94d0 JavaThread "Unconstrained build operations Thread 86" [_thread_blocked, id=29288, stack(0x00000069b6b00000,0x00000069b6c00000)]
  0x000001837c8c99e0 JavaThread "Unconstrained build operations Thread 87" [_thread_blocked, id=31356, stack(0x00000069b6c00000,0x00000069b6d00000)]
  0x000001837c8c6230 JavaThread "Unconstrained build operations Thread 88" [_thread_blocked, id=35792, stack(0x00000069b6d00000,0x00000069b6e00000)]
  0x000001837c8c9ef0 JavaThread "Unconstrained build operations Thread 89" [_thread_blocked, id=30584, stack(0x00000069b6e00000,0x00000069b6f00000)]
  0x000001837c8cc770 JavaThread "Unconstrained build operations Thread 90" [_thread_blocked, id=19888, stack(0x00000069b6f00000,0x00000069b7000000)]
  0x000001837c8cb330 JavaThread "Unconstrained build operations Thread 91" [_thread_blocked, id=14328, stack(0x00000069b7000000,0x00000069b7100000)]
  0x000001837c8ca400 JavaThread "Unconstrained build operations Thread 92" [_thread_blocked, id=30392, stack(0x00000069b7100000,0x00000069b7200000)]
  0x000001837c8cc260 JavaThread "Unconstrained build operations Thread 93" [_thread_blocked, id=31408, stack(0x00000069b7200000,0x00000069b7300000)]
  0x000001837c8ca910 JavaThread "Unconstrained build operations Thread 94" [_thread_blocked, id=17256, stack(0x00000069b7300000,0x00000069b7400000)]
  0x000001837c8cbd50 JavaThread "Unconstrained build operations Thread 95" [_thread_blocked, id=884, stack(0x00000069b7400000,0x00000069b7500000)]
  0x000001837c8cae20 JavaThread "Unconstrained build operations Thread 96" [_thread_blocked, id=20276, stack(0x00000069b7500000,0x00000069b7600000)]
  0x000001837c8cb840 JavaThread "Unconstrained build operations Thread 97" [_thread_blocked, id=5248, stack(0x00000069b7600000,0x00000069b7700000)]
  0x0000018378d42360 JavaThread "Unconstrained build operations Thread 98" [_thread_blocked, id=23564, stack(0x00000069b7700000,0x00000069b7800000)]
  0x000001837baecf40 JavaThread "Unconstrained build operations Thread 99" [_thread_blocked, id=27232, stack(0x00000069b7800000,0x00000069b7900000)]
  0x000001837baef2b0 JavaThread "Unconstrained build operations Thread 100" [_thread_blocked, id=34952, stack(0x00000069b7900000,0x00000069b7a00000)]
  0x000001837baef7c0 JavaThread "Unconstrained build operations Thread 101" [_thread_blocked, id=34724, stack(0x00000069b7a00000,0x00000069b7b00000)]
  0x000001837baec010 JavaThread "Unconstrained build operations Thread 102" [_thread_blocked, id=32712, stack(0x00000069b7b00000,0x00000069b7c00000)]
  0x000001837baec520 JavaThread "Unconstrained build operations Thread 103" [_thread_blocked, id=32104, stack(0x00000069b7c00000,0x00000069b7d00000)]
  0x000001837baed960 JavaThread "Unconstrained build operations Thread 104" [_thread_blocked, id=22540, stack(0x00000069b7d00000,0x00000069b7e00000)]
  0x000001837baeca30 JavaThread "Unconstrained build operations Thread 105" [_thread_blocked, id=19168, stack(0x00000069b7e00000,0x00000069b7f00000)]
  0x000001837baeeda0 JavaThread "Unconstrained build operations Thread 106" [_thread_blocked, id=10800, stack(0x00000069b8000000,0x00000069b8100000)]
  0x000001837baefcd0 JavaThread "Unconstrained build operations Thread 107" [_thread_blocked, id=27696, stack(0x00000069b8100000,0x00000069b8200000)]
  0x000001837baf06f0 JavaThread "Unconstrained build operations Thread 108" [_thread_blocked, id=31604, stack(0x00000069b8200000,0x00000069b8300000)]
  0x000001837baf01e0 JavaThread "Unconstrained build operations Thread 109" [_thread_blocked, id=29172, stack(0x00000069b8300000,0x00000069b8400000)]
  0x000001837baf0c00 JavaThread "Unconstrained build operations Thread 110" [_thread_blocked, id=29680, stack(0x00000069b8400000,0x00000069b8500000)]
  0x000001837baede70 JavaThread "Unconstrained build operations Thread 111" [_thread_blocked, id=31548, stack(0x00000069b8500000,0x00000069b8600000)]
  0x000001837baee380 JavaThread "Unconstrained build operations Thread 112" [_thread_blocked, id=17480, stack(0x00000069b8600000,0x00000069b8700000)]
  0x000001837baee890 JavaThread "Unconstrained build operations Thread 113" [_thread_blocked, id=34456, stack(0x00000069b8700000,0x00000069b8800000)]
  0x000001837baed450 JavaThread "Unconstrained build operations Thread 114" [_thread_blocked, id=2924, stack(0x00000069b8800000,0x00000069b8900000)]
  0x000001837baf2040 JavaThread "Unconstrained build operations Thread 115" [_thread_blocked, id=26900, stack(0x00000069b8900000,0x00000069b8a00000)]
  0x000001837baf3480 JavaThread "Unconstrained build operations Thread 116" [_thread_blocked, id=25020, stack(0x00000069b8a00000,0x00000069b8b00000)]
  0x000001837baf3990 JavaThread "Unconstrained build operations Thread 117" [_thread_blocked, id=1292, stack(0x00000069b8b00000,0x00000069b8c00000)]
  0x000001837baf2550 JavaThread "Unconstrained build operations Thread 118" [_thread_blocked, id=32584, stack(0x00000069b8c00000,0x00000069b8d00000)]
  0x000001837baf1110 JavaThread "Unconstrained build operations Thread 119" [_thread_blocked, id=5628, stack(0x00000069b8d00000,0x00000069b8e00000)]
  0x000001837baf1620 JavaThread "Unconstrained build operations Thread 120" [_thread_blocked, id=17980, stack(0x00000069b8e00000,0x00000069b8f00000)]
  0x000001837baf1b30 JavaThread "Unconstrained build operations Thread 121" [_thread_blocked, id=9652, stack(0x00000069b8f00000,0x00000069b9000000)]
  0x000001837baf2a60 JavaThread "Unconstrained build operations Thread 122" [_thread_blocked, id=29564, stack(0x00000069b9000000,0x00000069b9100000)]
  0x000001837baf2f70 JavaThread "Unconstrained build operations Thread 123" [_thread_blocked, id=30300, stack(0x00000069b9100000,0x00000069b9200000)]
  0x000001837d48a670 JavaThread "Unconstrained build operations Thread 124" [_thread_blocked, id=27268, stack(0x00000069b9200000,0x00000069b9300000)]
  0x000001837d488d20 JavaThread "Unconstrained build operations Thread 125" [_thread_blocked, id=2720, stack(0x00000069b9300000,0x00000069b9400000)]
  0x000001837cf78960 JavaThread "Unconstrained build operations Thread 126" [_thread_blocked, id=33072, stack(0x00000069b9400000,0x00000069b9500000)]
  0x000001837cf79890 JavaThread "Unconstrained build operations Thread 127" [_thread_blocked, id=30436, stack(0x00000069b9500000,0x00000069b9600000)]
  0x000001837cf7a2b0 JavaThread "Unconstrained build operations Thread 128" [_thread_blocked, id=14056, stack(0x00000069b9600000,0x00000069b9700000)]
  0x000001837cf79380 JavaThread "Unconstrained build operations Thread 129" [_thread_blocked, id=14388, stack(0x00000069b9700000,0x00000069b9800000)]
  0x000001837cf77a30 JavaThread "Unconstrained build operations Thread 130" [_thread_blocked, id=21472, stack(0x00000069b9800000,0x00000069b9900000)]
  0x000001837cf79da0 JavaThread "Unconstrained build operations Thread 131" [_thread_blocked, id=26184, stack(0x00000069b9900000,0x00000069b9a00000)]
  0x000001837cf7a7c0 JavaThread "Unconstrained build operations Thread 132" [_thread_blocked, id=31940, stack(0x00000069b9a00000,0x00000069b9b00000)]
  0x000001837cf77010 JavaThread "Unconstrained build operations Thread 133" [_thread_blocked, id=19752, stack(0x00000069b9b00000,0x00000069b9c00000)]
  0x000001837cf7acd0 JavaThread "Unconstrained build operations Thread 134" [_thread_blocked, id=29332, stack(0x00000069b9c00000,0x00000069b9d00000)]
  0x000001837cf77520 JavaThread "Unconstrained build operations Thread 135" [_thread_blocked, id=32568, stack(0x00000069b9d00000,0x00000069b9e00000)]
  0x000001837cf7b1e0 JavaThread "Unconstrained build operations Thread 136" [_thread_blocked, id=2500, stack(0x00000069b9e00000,0x00000069b9f00000)]
  0x000001837cf7b6f0 JavaThread "Unconstrained build operations Thread 137" [_thread_blocked, id=23400, stack(0x00000069b9f00000,0x00000069ba000000)]
  0x000001837cf77f40 JavaThread "Unconstrained build operations Thread 138" [_thread_blocked, id=34424, stack(0x00000069ba000000,0x00000069ba100000)]
  0x000001837cf7bc00 JavaThread "Unconstrained build operations Thread 139" [_thread_blocked, id=10828, stack(0x00000069ba100000,0x00000069ba200000)]
  0x000001837cf78450 JavaThread "Unconstrained build operations Thread 140" [_thread_blocked, id=13660, stack(0x00000069ba200000,0x00000069ba300000)]
  0x000001837cf7cb30 JavaThread "Unconstrained build operations Thread 141" [_thread_blocked, id=20996, stack(0x00000069ba300000,0x00000069ba400000)]
  0x000001837cf7da60 JavaThread "Unconstrained build operations Thread 142" [_thread_blocked, id=4416, stack(0x00000069ba400000,0x00000069ba500000)]
  0x000001837cf7c110 JavaThread "Unconstrained build operations Thread 143" [_thread_blocked, id=13840, stack(0x00000069ba500000,0x00000069ba600000)]
  0x000001837cf7c620 JavaThread "Unconstrained build operations Thread 144" [_thread_blocked, id=31908, stack(0x00000069ba600000,0x00000069ba700000)]
  0x000001837cf7df70 JavaThread "Unconstrained build operations Thread 145" [_thread_blocked, id=32056, stack(0x00000069ba700000,0x00000069ba800000)]
  0x000001837cf7d040 JavaThread "Unconstrained build operations Thread 146" [_thread_blocked, id=24892, stack(0x00000069ba800000,0x00000069ba900000)]
  0x000001837cf7d550 JavaThread "Unconstrained build operations Thread 147" [_thread_blocked, id=17304, stack(0x00000069ba900000,0x00000069baa00000)]
  0x000001837cf7e480 JavaThread "Unconstrained build operations Thread 148" [_thread_blocked, id=5616, stack(0x00000069baa00000,0x00000069bab00000)]
  0x000001837cf7e990 JavaThread "Unconstrained build operations Thread 149" [_thread_blocked, id=13648, stack(0x00000069bab00000,0x00000069bac00000)]
  0x0000018378d3dc80 JavaThread "Unconstrained build operations Thread 150" [_thread_blocked, id=8340, stack(0x00000069bae00000,0x00000069baf00000)]
  0x000001837a077900 JavaThread "Unconstrained build operations Thread 151" [_thread_blocked, id=25328, stack(0x00000069baf00000,0x00000069bb000000)]
  0x000001837ba263a0 JavaThread "WorkerExecutor Queue" [_thread_blocked, id=6784, stack(0x00000069b6000000,0x00000069b6100000)]
  0x000001837ba25980 JavaThread "Unconstrained build operations Thread 152" [_thread_blocked, id=33396, stack(0x00000069bb000000,0x00000069bb100000)]
  0x000001837ba26dc0 JavaThread "Unconstrained build operations Thread 153" [_thread_blocked, id=2704, stack(0x00000069bb100000,0x00000069bb200000)]
  0x000001837ba277e0 JavaThread "Unconstrained build operations Thread 154" [_thread_blocked, id=13260, stack(0x00000069bb200000,0x00000069bb300000)]
  0x000001837ba25e90 JavaThread "Unconstrained build operations Thread 155" [_thread_blocked, id=920, stack(0x00000069bb300000,0x00000069bb400000)]
  0x000001837ba24030 JavaThread "Unconstrained build operations Thread 156" [_thread_blocked, id=15024, stack(0x00000069bb400000,0x00000069bb500000)]
  0x000001837ba27cf0 JavaThread "Unconstrained build operations Thread 157" [_thread_blocked, id=28996, stack(0x00000069bb500000,0x00000069bb600000)]
  0x000001837ba28200 JavaThread "Unconstrained build operations Thread 158" [_thread_blocked, id=27168, stack(0x00000069bb600000,0x00000069bb700000)]
  0x000001837ba24a50 JavaThread "Unconstrained build operations Thread 159" [_thread_blocked, id=396, stack(0x00000069bb700000,0x00000069bb800000)]
  0x000001837ba28710 JavaThread "Unconstrained build operations Thread 160" [_thread_blocked, id=11724, stack(0x00000069bb800000,0x00000069bb900000)]
  0x000001837ba28c20 JavaThread "WorkerExecutor Queue Thread 2" [_thread_blocked, id=24376, stack(0x00000069b5f00000,0x00000069b6000000)]
  0x000001837ba2a060 JavaThread "Java2D Disposer" daemon [_thread_blocked, id=29992, stack(0x00000069b3b00000,0x00000069b3c00000)]
  0x000001837ba2bec0 JavaThread "AWT-Windows" daemon [_thread_in_native, id=11112, stack(0x00000069bba00000,0x00000069bbb00000)]
  0x000001837ba2d810 JavaThread "DefaultDispatcher-worker-1" daemon [_thread_blocked, id=23660, stack(0x00000069bbc00000,0x00000069bbd00000)]
  0x000001837ba2c3d0 JavaThread "DefaultDispatcher-worker-2" daemon [_thread_blocked, id=26924, stack(0x00000069bbd00000,0x00000069bbe00000)]
  0x000001837ba2b4a0 JavaThread "DefaultDispatcher-worker-3" daemon [_thread_blocked, id=29512, stack(0x00000069bbe00000,0x00000069bbf00000)]
  0x000001835119b2e0 JavaThread "C2 CompilerThread1" daemon [_thread_blocked, id=15908, stack(0x00000069bb900000,0x00000069bba00000)]
  0x00000183475ff4f0 JavaThread "Periodic tasks thread" daemon [_thread_blocked, id=9852, stack(0x00000069aad00000,0x00000069aae00000)]
  0x00000183475ffa00 JavaThread "ApplicationImpl pooled thread 1" [_thread_blocked, id=8780, stack(0x00000069aae00000,0x00000069aaf00000)]
  0x000001837c5a5010 JavaThread "C1 CompilerThread1" daemon [_thread_blocked, id=28944, stack(0x00000069b3a00000,0x00000069b3b00000)]
  0x000001837c5a3580 JavaThread "C1 CompilerThread2" daemon [_thread_blocked, id=7896, stack(0x00000069b7f00000,0x00000069b8000000)]
  0x000001835119d810 JavaThread "C1 CompilerThread3" daemon [_thread_blocked, id=6900, stack(0x00000069bbb00000,0x00000069bbc00000)]
  0x000001837f2f39d0 JavaThread "C2 CompilerThread2" daemon [_thread_blocked, id=35308, stack(0x00000069bbf00000,0x00000069bc000000)]
  0x000001837f2f6450 JavaThread "C2 CompilerThread3" daemon [_thread_blocked, id=23928, stack(0x00000069bc000000,0x00000069bc100000)]
  0x000001837f2f59b0 JavaThread "C2 CompilerThread4" daemon [_thread_blocked, id=29496, stack(0x00000069bc100000,0x00000069bc200000)]

Other Threads:
  0x0000018351183be0 VMThread "VM Thread" [stack: 0x00000069ab100000,0x00000069ab200000] [id=25364] _threads_hazard_ptr=0x0000018345901c00
  0x00000183725a86f0 WatcherThread [stack: 0x00000069abf00000,0x00000069ac000000] [id=13800]
  0x00000183511090d0 GCTaskThread "GC Thread#0" [stack: 0x00000069ab000000,0x00000069ab100000] [id=10432]
  0x000001837877f7d0 GCTaskThread "GC Thread#1" [stack: 0x00000069ac000000,0x00000069ac100000] [id=31360]
  0x0000018378780dd0 GCTaskThread "GC Thread#2" [stack: 0x00000069ac200000,0x00000069ac300000] [id=26512]
  0x0000018378781090 GCTaskThread "GC Thread#3" [stack: 0x00000069ac300000,0x00000069ac400000] [id=35784]
  0x000001837877f510 GCTaskThread "GC Thread#4" [stack: 0x00000069ac400000,0x00000069ac500000] [id=33008]
  0x000001837877fa90 GCTaskThread "GC Thread#5" [stack: 0x00000069ac500000,0x00000069ac600000] [id=18068]
  0x000001837877fd50 GCTaskThread "GC Thread#6" [stack: 0x00000069ac600000,0x00000069ac700000] [id=12660]
  0x0000018378780010 GCTaskThread "GC Thread#7" [stack: 0x00000069ac700000,0x00000069ac800000] [id=25744]
  0x0000018378780590 GCTaskThread "GC Thread#8" [stack: 0x00000069ac800000,0x00000069ac900000] [id=3052]
  0x00000183787802d0 GCTaskThread "GC Thread#9" [stack: 0x00000069ac900000,0x00000069aca00000] [id=29972]
  0x0000018378780850 GCTaskThread "GC Thread#10" [stack: 0x00000069aca00000,0x00000069acb00000] [id=30052]
  0x0000018379e6eaf0 GCTaskThread "GC Thread#11" [stack: 0x00000069ad900000,0x00000069ada00000] [id=31472]
  0x0000018379e6e570 GCTaskThread "GC Thread#12" [stack: 0x00000069ada00000,0x00000069adb00000] [id=976]

Threads with active compile tasks:
C2 CompilerThread0  93160 31301       4       com.android.tools.r8.internal.wf0::a (1138 bytes)
C1 CompilerThread0  93160 31558       2       com.android.tools.r8.synthesis.z::a (298 bytes)
C2 CompilerThread1  93160 31035       4       com.android.tools.r8.ir.optimize.string.a::a (367 bytes)
C1 CompilerThread1  93160 31559       2       com.android.tools.r8.synthesis.r0::a (114 bytes)
C1 CompilerThread2  93161 31557       2       com.android.tools.r8.synthesis.z$$Lambda$4184/0x00000183025bb228::<init> (15 bytes)
C1 CompilerThread3  93161 31560       2       com.android.tools.r8.synthesis.z$$Lambda$4184/0x00000183025bb228::test (16 bytes)
C2 CompilerThread2  93161 24993       4       com.android.tools.r8.internal.ad::a (75 bytes)
C2 CompilerThread3  93161 31367       4       com.android.tools.r8.internal.t51::a (3928 bytes)
C2 CompilerThread4  93161 25002 %     4       com.android.tools.r8.internal.re0::b @ 405 (3610 bytes)

VM state: synchronizing (normal execution)

VM Mutex/Monitor currently owned by a thread:  ([mutex/lock_event])
[0x00000183510ecf90] Threads_lock - owner thread: 0x0000018351183be0

Heap address: 0x0000000700000000, size: 4096 MB, Compressed Oops mode: Zero based, Oop shift amount: 3

CDS archive(s) mapped at: [0x0000018300000000-0x0000018300bb0000-0x0000018300bb0000), size 12255232, SharedBaseAddress: 0x0000018300000000, ArchiveRelocationMode: 1.
Compressed class space mapped at: 0x0000018301000000-0x0000018341000000, reserved size: 1073741824
Narrow klass base: 0x0000018300000000, Narrow klass shift: 0, Narrow klass range: 0x100000000

GC Precious Log:
 CPUs: 16 total, 16 available
 Memory: 5981M
 Large Page Support: Disabled
 NUMA Support: Disabled
 Compressed Oops: Enabled (Zero based)
 Alignments: Space 512K, Generation 512K, Heap 2M
 Heap Min Capacity: 512M
 Heap Initial Capacity: 512M
 Heap Max Capacity: 4G
 Pre-touch: Disabled
 Parallel Workers: 13

Heap:
 PSYoungGen      total 983552K, used 156298K [0x00000007aab00000, 0x00000007f5e00000, 0x0000000800000000)
  eden space 806912K, 12% used [0x00000007aab00000,0x00000007b105b1f8,0x00000007dbf00000)
  from space 176640K, 29% used [0x00000007e7480000,0x00000007ea7c7680,0x00000007f2100000)
  to   space 185856K, 0% used [0x00000007dbf00000,0x00000007dbf00000,0x00000007e7480000)
 ParOldGen       total 1023488K, used 796768K [0x0000000700000000, 0x000000073e780000, 0x00000007aab00000)
  object space 1023488K, 77% used [0x0000000700000000,0x0000000730a18328,0x000000073e780000)
 Metaspace       used 178703K, committed 179968K, reserved 1245184K
  class space    used 23199K, committed 23808K, reserved 1048576K

Card table byte_map: [0x0000018367c60000,0x0000018368470000] _byte_map_base: 0x0000018364460000

Marking Bits: (ParMarkBitMap*) 0x00007ffbb83ff970
 Begin Bits: [0x0000018368470000, 0x000001836c470000)
 End Bits:   [0x000001836c470000, 0x0000018370470000)

Polling page: 0x00000183508a0000

Metaspace:

Usage:
  Non-class:    151.86 MB used.
      Class:     22.66 MB used.
       Both:    174.52 MB used.

Virtual space:
  Non-class space:      192.00 MB reserved,     152.50 MB ( 79%) committed,  3 nodes.
      Class space:        1.00 GB reserved,      23.25 MB (  2%) committed,  1 nodes.
             Both:        1.19 GB reserved,     175.75 MB ( 14%) committed. 

Chunk freelists:
   Non-Class:  6.77 MB
       Class:  8.56 MB
        Both:  15.33 MB

MaxMetaspaceSize: unlimited
CompressedClassSpaceSize: 1.00 GB
Initial GC threshold: 21.00 MB
Current GC threshold: 251.19 MB
CDS: on
MetaspaceReclaimPolicy: balanced
 - commit_granule_bytes: 65536.
 - commit_granule_words: 8192.
 - virtual_space_node_default_size: 8388608.
 - enlarge_chunks_in_place: 1.
 - new_chunks_are_fully_committed: 0.
 - uncommit_free_chunks: 1.
 - use_allocation_guard: 0.
 - handle_deallocations: 1.


Internal statistics:

num_allocs_failed_limit: 12.
num_arena_births: 2126.
num_arena_deaths: 30.
num_vsnodes_births: 4.
num_vsnodes_deaths: 0.
num_space_committed: 2809.
num_space_uncommitted: 0.
num_chunks_returned_to_freelist: 55.
num_chunks_taken_from_freelist: 10290.
num_chunk_merges: 21.
num_chunk_splits: 6609.
num_chunks_enlarged: 4048.
num_inconsistent_stats: 0.

CodeHeap 'non-profiled nmethods': size=119168Kb used=11013Kb max_used=11013Kb free=108154Kb
 bounds [0x0000018360800000, 0x00000183612d0000, 0x0000018367c60000]
CodeHeap 'profiled nmethods': size=119104Kb used=51008Kb max_used=51008Kb free=68095Kb
 bounds [0x0000018358c60000, 0x000001835be40000, 0x00000183600b0000]
CodeHeap 'non-nmethods': size=7488Kb used=3643Kb max_used=3770Kb free=3844Kb
 bounds [0x00000183600b0000, 0x00000183604c0000, 0x0000018360800000]
 total_blobs=24991 nmethods=23893 adapters=1006
 compilation: enabled
              stopped_count=0, restarted_count=0
 full_count=0

Compilation events (20 events):
Event: 91.539 Thread 0x000001837c5a3580 nmethod 31554 0x000001835be27910 code [0x000001835be27ac0, 0x000001835be27c88]
Event: 91.539 Thread 0x000001835119bd80 nmethod 31548 0x000001835be27e10 code [0x000001835be280a0, 0x000001835be286a8]
Event: 91.540 Thread 0x000001837c5a3580 31555       2       com.android.tools.r8.synthesis.z$$Lambda$4183/0x00000183025baf90::compare (16 bytes)
Event: 91.540 Thread 0x000001837c5a5010 nmethod 31540 0x000001835be28b90 code [0x000001835be28ee0, 0x000001835be29e48]
Event: 91.540 Thread 0x000001835119bd80 31550       2       com.android.tools.r8.synthesis.w::<init> (84 bytes)
Event: 91.540 Thread 0x000001837c5a5010 31551       2       com.android.tools.r8.synthesis.r0::a (103 bytes)
Event: 91.540 Thread 0x000001835119bd80 nmethod 31550 0x000001835be2a490 code [0x000001835be2a620, 0x000001835be2a778]
Event: 91.540 Thread 0x000001835119bd80 31552       2       com.android.tools.r8.graph.j6::a1 (62 bytes)
Event: 91.541 Thread 0x000001837c5a3580 nmethod 31555 0x000001835be2a810 code [0x000001835be2a9e0, 0x000001835be2ac48]
Event: 91.541 Thread 0x000001837c5a3580 31553       2       com.android.tools.r8.synthesis.z$$Lambda$3809/0x00000183024af300::accept (20 bytes)
Event: 91.541 Thread 0x000001837c5a3580 nmethod 31553 0x000001835be2ae90 code [0x000001835be2b040, 0x000001835be2b1e8]
Event: 91.541 Thread 0x000001835119bd80 nmethod 31552 0x000001835be2b290 code [0x000001835be2b460, 0x000001835be2b6c8]
Event: 91.542 Thread 0x000001837c5a5010 nmethod 31551 0x000001835be2b890 code [0x000001835be2bb00, 0x000001835be2c058]
Event: 91.543 Thread 0x000001837c5a5010 31556       3       com.android.tools.r8.internal.eh0::a (25 bytes)
Event: 91.544 Thread 0x000001835119d810 nmethod 31549 0x000001835be2c590 code [0x000001835be2ca20, 0x000001835be2e438]
Event: 91.545 Thread 0x000001837c5a5010 nmethod 31556 0x000001835be2f790 code [0x000001835be2f960, 0x000001835be2fc48]
Event: 91.545 Thread 0x000001835119bd80 31558       2       com.android.tools.r8.synthesis.z::a (298 bytes)
Event: 91.545 Thread 0x000001837c5a3580 31557       2       com.android.tools.r8.synthesis.z$$Lambda$4184/0x00000183025bb228::<init> (15 bytes)
Event: 91.545 Thread 0x000001837c5a5010 31559       2       com.android.tools.r8.synthesis.r0::a (114 bytes)
Event: 91.545 Thread 0x000001835119d810 31560       2       com.android.tools.r8.synthesis.z$$Lambda$4184/0x00000183025bb228::test (16 bytes)

GC Heap History (20 events):
Event: 73.332 GC heap before
{Heap before GC invocations=36 (full 6):
 PSYoungGen      total 658944K, used 563627K [0x00000007aab00000, 0x00000007df680000, 0x0000000800000000)
  eden space 512512K, 100% used [0x00000007aab00000,0x00000007c9f80000,0x00000007c9f80000)
  from space 146432K, 34% used [0x00000007d2f00000,0x00000007d60eadc8,0x00000007dbe00000)
  to   space 146944K, 0% used [0x00000007c9f80000,0x00000007c9f80000,0x00000007d2f00000)
 ParOldGen       total 1023488K, used 606744K [0x0000000700000000, 0x000000073e780000, 0x00000007aab00000)
  object space 1023488K, 59% used [0x0000000700000000,0x0000000725086118,0x000000073e780000)
 Metaspace       used 157827K, committed 159040K, reserved 1245184K
  class space    used 21066K, committed 21632K, reserved 1048576K
}
Event: 73.591 GC heap after
{Heap after GC invocations=36 (full 6):
 PSYoungGen      total 659456K, used 64431K [0x00000007aab00000, 0x00000007de100000, 0x0000000800000000)
  eden space 512512K, 0% used [0x00000007aab00000,0x00000007aab00000,0x00000007c9f80000)
  from space 146944K, 43% used [0x00000007c9f80000,0x00000007cde6be78,0x00000007d2f00000)
  to   space 138752K, 0% used [0x00000007d5980000,0x00000007d5980000,0x00000007de100000)
 ParOldGen       total 1023488K, used 620061K [0x0000000700000000, 0x000000073e780000, 0x00000007aab00000)
  object space 1023488K, 60% used [0x0000000700000000,0x0000000725d877a0,0x000000073e780000)
 Metaspace       used 157827K, committed 159040K, reserved 1245184K
  class space    used 21066K, committed 21632K, reserved 1048576K
}
Event: 75.083 GC heap before
{Heap before GC invocations=37 (full 6):
 PSYoungGen      total 659456K, used 576943K [0x00000007aab00000, 0x00000007de100000, 0x0000000800000000)
  eden space 512512K, 100% used [0x00000007aab00000,0x00000007c9f80000,0x00000007c9f80000)
  from space 146944K, 43% used [0x00000007c9f80000,0x00000007cde6be78,0x00000007d2f00000)
  to   space 138752K, 0% used [0x00000007d5980000,0x00000007d5980000,0x00000007de100000)
 ParOldGen       total 1023488K, used 620061K [0x0000000700000000, 0x000000073e780000, 0x00000007aab00000)
  object space 1023488K, 60% used [0x0000000700000000,0x0000000725d877a0,0x000000073e780000)
 Metaspace       used 160751K, committed 161984K, reserved 1245184K
  class space    used 21377K, committed 21952K, reserved 1048576K
}
Event: 75.651 GC heap after
{Heap after GC invocations=37 (full 6):
 PSYoungGen      total 700416K, used 90967K [0x00000007aab00000, 0x00000007df400000, 0x0000000800000000)
  eden space 561664K, 0% used [0x00000007aab00000,0x00000007aab00000,0x00000007ccf80000)
  from space 138752K, 65% used [0x00000007d5980000,0x00000007db255ee8,0x00000007de100000)
  to   space 141312K, 0% used [0x00000007ccf80000,0x00000007ccf80000,0x00000007d5980000)
 ParOldGen       total 1023488K, used 620069K [0x0000000700000000, 0x000000073e780000, 0x00000007aab00000)
  object space 1023488K, 60% used [0x0000000700000000,0x0000000725d897a0,0x000000073e780000)
 Metaspace       used 160751K, committed 161984K, reserved 1245184K
  class space    used 21377K, committed 21952K, reserved 1048576K
}
Event: 76.842 GC heap before
{Heap before GC invocations=38 (full 6):
 PSYoungGen      total 700416K, used 652631K [0x00000007aab00000, 0x00000007df400000, 0x0000000800000000)
  eden space 561664K, 100% used [0x00000007aab00000,0x00000007ccf80000,0x00000007ccf80000)
  from space 138752K, 65% used [0x00000007d5980000,0x00000007db255ee8,0x00000007de100000)
  to   space 141312K, 0% used [0x00000007ccf80000,0x00000007ccf80000,0x00000007d5980000)
 ParOldGen       total 1023488K, used 620069K [0x0000000700000000, 0x000000073e780000, 0x00000007aab00000)
  object space 1023488K, 60% used [0x0000000700000000,0x0000000725d897a0,0x000000073e780000)
 Metaspace       used 163195K, committed 164480K, reserved 1245184K
  class space    used 21619K, committed 22208K, reserved 1048576K
}
Event: 77.446 GC heap after
{Heap after GC invocations=38 (full 6):
 PSYoungGen      total 702976K, used 117016K [0x00000007aab00000, 0x00000007e4c80000, 0x0000000800000000)
  eden space 561664K, 0% used [0x00000007aab00000,0x00000007aab00000,0x00000007ccf80000)
  from space 141312K, 82% used [0x00000007ccf80000,0x00000007d41c6058,0x00000007d5980000)
  to   space 152576K, 0% used [0x00000007db780000,0x00000007db780000,0x00000007e4c80000)
 ParOldGen       total 1023488K, used 620077K [0x0000000700000000, 0x000000073e780000, 0x00000007aab00000)
  object space 1023488K, 60% used [0x0000000700000000,0x0000000725d8b7a0,0x000000073e780000)
 Metaspace       used 163195K, committed 164480K, reserved 1245184K
  class space    used 21619K, committed 22208K, reserved 1048576K
}
Event: 78.455 GC heap before
{Heap before GC invocations=39 (full 6):
 PSYoungGen      total 702976K, used 678680K [0x00000007aab00000, 0x00000007e4c80000, 0x0000000800000000)
  eden space 561664K, 100% used [0x00000007aab00000,0x00000007ccf80000,0x00000007ccf80000)
  from space 141312K, 82% used [0x00000007ccf80000,0x00000007d41c6058,0x00000007d5980000)
  to   space 152576K, 0% used [0x00000007db780000,0x00000007db780000,0x00000007e4c80000)
 ParOldGen       total 1023488K, used 620077K [0x0000000700000000, 0x000000073e780000, 0x00000007aab00000)
  object space 1023488K, 60% used [0x0000000700000000,0x0000000725d8b7a0,0x000000073e780000)
 Metaspace       used 166991K, committed 168320K, reserved 1245184K
  class space    used 22055K, committed 22720K, reserved 1048576K
}
Event: 78.578 GC heap after
{Heap after GC invocations=39 (full 6):
 PSYoungGen      total 781312K, used 131098K [0x00000007aab00000, 0x00000007e5600000, 0x0000000800000000)
  eden space 628736K, 0% used [0x00000007aab00000,0x00000007aab00000,0x00000007d1100000)
  from space 152576K, 85% used [0x00000007db780000,0x00000007e3786958,0x00000007e4c80000)
  to   space 166400K, 0% used [0x00000007d1100000,0x00000007d1100000,0x00000007db380000)
 ParOldGen       total 1023488K, used 632073K [0x0000000700000000, 0x000000073e780000, 0x00000007aab00000)
  object space 1023488K, 61% used [0x0000000700000000,0x0000000726942498,0x000000073e780000)
 Metaspace       used 166991K, committed 168320K, reserved 1245184K
  class space    used 22055K, committed 22720K, reserved 1048576K
}
Event: 80.175 GC heap before
{Heap before GC invocations=40 (full 6):
 PSYoungGen      total 781312K, used 759834K [0x00000007aab00000, 0x00000007e5600000, 0x0000000800000000)
  eden space 628736K, 100% used [0x00000007aab00000,0x00000007d1100000,0x00000007d1100000)
  from space 152576K, 85% used [0x00000007db780000,0x00000007e3786958,0x00000007e4c80000)
  to   space 166400K, 0% used [0x00000007d1100000,0x00000007d1100000,0x00000007db380000)
 ParOldGen       total 1023488K, used 632073K [0x0000000700000000, 0x000000073e780000, 0x00000007aab00000)
  object space 1023488K, 61% used [0x0000000700000000,0x0000000726942498,0x000000073e780000)
 Metaspace       used 170140K, committed 171392K, reserved 1245184K
  class space    used 22427K, committed 23040K, reserved 1048576K
}
Event: 80.860 GC heap after
{Heap after GC invocations=40 (full 6):
 PSYoungGen      total 795136K, used 166372K [0x00000007aab00000, 0x00000007ed500000, 0x0000000800000000)
  eden space 628736K, 0% used [0x00000007aab00000,0x00000007aab00000,0x00000007d1100000)
  from space 166400K, 99% used [0x00000007d1100000,0x00000007db379140,0x00000007db380000)
  to   space 190464K, 0% used [0x00000007e1b00000,0x00000007e1b00000,0x00000007ed500000)
 ParOldGen       total 1023488K, used 632400K [0x0000000700000000, 0x000000073e780000, 0x00000007aab00000)
  object space 1023488K, 61% used [0x0000000700000000,0x00000007269942a8,0x000000073e780000)
 Metaspace       used 170140K, committed 171392K, reserved 1245184K
  class space    used 22427K, committed 23040K, reserved 1048576K
}
Event: 82.181 GC heap before
{Heap before GC invocations=41 (full 6):
 PSYoungGen      total 795136K, used 795108K [0x00000007aab00000, 0x00000007ed500000, 0x0000000800000000)
  eden space 628736K, 100% used [0x00000007aab00000,0x00000007d1100000,0x00000007d1100000)
  from space 166400K, 99% used [0x00000007d1100000,0x00000007db379140,0x00000007db380000)
  to   space 190464K, 0% used [0x00000007e1b00000,0x00000007e1b00000,0x00000007ed500000)
 ParOldGen       total 1023488K, used 632400K [0x0000000700000000, 0x000000073e780000, 0x00000007aab00000)
  object space 1023488K, 61% used [0x0000000700000000,0x00000007269942a8,0x000000073e780000)
 Metaspace       used 173126K, committed 174400K, reserved 1245184K
  class space    used 22778K, committed 23360K, reserved 1048576K
}
Event: 83.083 GC heap after
{Heap after GC invocations=41 (full 6):
 PSYoungGen      total 889856K, used 144967K [0x00000007aab00000, 0x00000007ef380000, 0x0000000800000000)
  eden space 699392K, 0% used [0x00000007aab00000,0x00000007aab00000,0x00000007d5600000)
  from space 190464K, 76% used [0x00000007e1b00000,0x00000007ea891cd0,0x00000007ed500000)
  to   space 201728K, 0% used [0x00000007d5600000,0x00000007d5600000,0x00000007e1b00000)
 ParOldGen       total 1023488K, used 658940K [0x0000000700000000, 0x000000073e780000, 0x00000007aab00000)
  object space 1023488K, 64% used [0x0000000700000000,0x000000072837f2a0,0x000000073e780000)
 Metaspace       used 173126K, committed 174400K, reserved 1245184K
  class space    used 22778K, committed 23360K, reserved 1048576K
}
Event: 84.603 GC heap before
{Heap before GC invocations=42 (full 6):
 PSYoungGen      total 889856K, used 844359K [0x00000007aab00000, 0x00000007ef380000, 0x0000000800000000)
  eden space 699392K, 100% used [0x00000007aab00000,0x00000007d5600000,0x00000007d5600000)
  from space 190464K, 76% used [0x00000007e1b00000,0x00000007ea891cd0,0x00000007ed500000)
  to   space 201728K, 0% used [0x00000007d5600000,0x00000007d5600000,0x00000007e1b00000)
 ParOldGen       total 1023488K, used 658940K [0x0000000700000000, 0x000000073e780000, 0x00000007aab00000)
  object space 1023488K, 64% used [0x0000000700000000,0x000000072837f2a0,0x000000073e780000)
 Metaspace       used 174119K, committed 175424K, reserved 1245184K
  class space    used 22814K, committed 23424K, reserved 1048576K
}
Event: 84.769 GC heap after
{Heap after GC invocations=42 (full 6):
 PSYoungGen      total 901120K, used 115233K [0x00000007aab00000, 0x00000007f3700000, 0x0000000800000000)
  eden space 699392K, 0% used [0x00000007aab00000,0x00000007aab00000,0x00000007d5600000)
  from space 201728K, 57% used [0x00000007d5600000,0x00000007dc6884c0,0x00000007e1b00000)
  to   space 199168K, 0% used [0x00000007e7480000,0x00000007e7480000,0x00000007f3700000)
 ParOldGen       total 1023488K, used 708664K [0x0000000700000000, 0x000000073e780000, 0x00000007aab00000)
  object space 1023488K, 69% used [0x0000000700000000,0x000000072b40e318,0x000000073e780000)
 Metaspace       used 174119K, committed 175424K, reserved 1245184K
  class space    used 22814K, committed 23424K, reserved 1048576K
}
Event: 86.190 GC heap before
{Heap before GC invocations=43 (full 6):
 PSYoungGen      total 901120K, used 814625K [0x00000007aab00000, 0x00000007f3700000, 0x0000000800000000)
  eden space 699392K, 100% used [0x00000007aab00000,0x00000007d5600000,0x00000007d5600000)
  from space 201728K, 57% used [0x00000007d5600000,0x00000007dc6884c0,0x00000007e1b00000)
  to   space 199168K, 0% used [0x00000007e7480000,0x00000007e7480000,0x00000007f3700000)
 ParOldGen       total 1023488K, used 708664K [0x0000000700000000, 0x000000073e780000, 0x00000007aab00000)
  object space 1023488K, 69% used [0x0000000700000000,0x000000072b40e318,0x000000073e780000)
 Metaspace       used 174928K, committed 176256K, reserved 1245184K
  class space    used 22841K, committed 23488K, reserved 1048576K
}
Event: 86.302 GC heap after
{Heap after GC invocations=43 (full 6):
 PSYoungGen      total 962048K, used 76771K [0x00000007aab00000, 0x00000007f2100000, 0x0000000800000000)
  eden space 785408K, 0% used [0x00000007aab00000,0x00000007aab00000,0x00000007daa00000)
  from space 176640K, 43% used [0x00000007e7480000,0x00000007ebf78e78,0x00000007f2100000)
  to   space 192000K, 0% used [0x00000007daa00000,0x00000007daa00000,0x00000007e6580000)
 ParOldGen       total 1023488K, used 762067K [0x0000000700000000, 0x000000073e780000, 0x00000007aab00000)
  object space 1023488K, 74% used [0x0000000700000000,0x000000072e834df8,0x000000073e780000)
 Metaspace       used 174928K, committed 176256K, reserved 1245184K
  class space    used 22841K, committed 23488K, reserved 1048576K
}
Event: 87.752 GC heap before
{Heap before GC invocations=44 (full 6):
 PSYoungGen      total 962048K, used 862179K [0x00000007aab00000, 0x00000007f2100000, 0x0000000800000000)
  eden space 785408K, 100% used [0x00000007aab00000,0x00000007daa00000,0x00000007daa00000)
  from space 176640K, 43% used [0x00000007e7480000,0x00000007ebf78e78,0x00000007f2100000)
  to   space 192000K, 0% used [0x00000007daa00000,0x00000007daa00000,0x00000007e6580000)
 ParOldGen       total 1023488K, used 762067K [0x0000000700000000, 0x000000073e780000, 0x00000007aab00000)
  object space 1023488K, 74% used [0x0000000700000000,0x000000072e834df8,0x000000073e780000)
 Metaspace       used 177258K, committed 178560K, reserved 1245184K
  class space    used 23057K, committed 23680K, reserved 1048576K
}
Event: 89.851 GC heap after
{Heap after GC invocations=44 (full 6):
 PSYoungGen      total 977408K, used 45953K [0x00000007aab00000, 0x00000007f2100000, 0x0000000800000000)
  eden space 785408K, 0% used [0x00000007aab00000,0x00000007aab00000,0x00000007daa00000)
  from space 192000K, 23% used [0x00000007daa00000,0x00000007dd6e07b8,0x00000007e6580000)
  to   space 176640K, 0% used [0x00000007e7480000,0x00000007e7480000,0x00000007f2100000)
 ParOldGen       total 1023488K, used 796760K [0x0000000700000000, 0x000000073e780000, 0x00000007aab00000)
  object space 1023488K, 77% used [0x0000000700000000,0x0000000730a16328,0x000000073e780000)
 Metaspace       used 177258K, committed 178560K, reserved 1245184K
  class space    used 23057K, committed 23680K, reserved 1048576K
}
Event: 91.388 GC heap before
{Heap before GC invocations=45 (full 6):
 PSYoungGen      total 977408K, used 831361K [0x00000007aab00000, 0x00000007f2100000, 0x0000000800000000)
  eden space 785408K, 100% used [0x00000007aab00000,0x00000007daa00000,0x00000007daa00000)
  from space 192000K, 23% used [0x00000007daa00000,0x00000007dd6e07b8,0x00000007e6580000)
  to   space 176640K, 0% used [0x00000007e7480000,0x00000007e7480000,0x00000007f2100000)
 ParOldGen       total 1023488K, used 796760K [0x0000000700000000, 0x000000073e780000, 0x00000007aab00000)
  object space 1023488K, 77% used [0x0000000700000000,0x0000000730a16328,0x000000073e780000)
 Metaspace       used 178454K, committed 179776K, reserved 1245184K
  class space    used 23187K, committed 23808K, reserved 1048576K
}
Event: 91.430 GC heap after
{Heap after GC invocations=45 (full 6):
 PSYoungGen      total 983552K, used 52509K [0x00000007aab00000, 0x00000007f5e00000, 0x0000000800000000)
  eden space 806912K, 0% used [0x00000007aab00000,0x00000007aab00000,0x00000007dbf00000)
  from space 176640K, 29% used [0x00000007e7480000,0x00000007ea7c7680,0x00000007f2100000)
  to   space 185856K, 0% used [0x00000007dbf00000,0x00000007dbf00000,0x00000007e7480000)
 ParOldGen       total 1023488K, used 796768K [0x0000000700000000, 0x000000073e780000, 0x00000007aab00000)
  object space 1023488K, 77% used [0x0000000700000000,0x0000000730a18328,0x000000073e780000)
 Metaspace       used 178454K, committed 179776K, reserved 1245184K
  class space    used 23187K, committed 23808K, reserved 1048576K
}

Dll operation events (16 events):
Event: 0.015 Loaded shared library C:\Users\indie\.jdks\corretto-17.0.17\bin\java.dll
Event: 0.041 Loaded shared library C:\Users\indie\.jdks\corretto-17.0.17\bin\jsvml.dll
Event: 0.114 Loaded shared library C:\Users\indie\.jdks\corretto-17.0.17\bin\zip.dll
Event: 0.117 Loaded shared library C:\Users\indie\.jdks\corretto-17.0.17\bin\instrument.dll
Event: 0.124 Loaded shared library C:\Users\indie\.jdks\corretto-17.0.17\bin\net.dll
Event: 0.127 Loaded shared library C:\Users\indie\.jdks\corretto-17.0.17\bin\nio.dll
Event: 0.130 Loaded shared library C:\Users\indie\.jdks\corretto-17.0.17\bin\zip.dll
Event: 0.511 Loaded shared library C:\Users\indie\.jdks\corretto-17.0.17\bin\jimage.dll
Event: 0.821 Loaded shared library C:\Users\indie\.jdks\corretto-17.0.17\bin\verify.dll
Event: 0.884 Loaded shared library C:\Users\indie\.gradle\native\660c5614fbf4a5f2a75b1949f50a0caf5cd603558e7d8a26e50b933a0cfb79d1\windows-amd64\native-platform.dll
Event: 0.909 Loaded shared library C:\Users\indie\.gradle\native\0.2.8\x86_64-windows-gnu\gradle-fileevents.dll
Event: 2.517 Loaded shared library C:\Users\indie\.jdks\corretto-17.0.17\bin\management.dll
Event: 2.527 Loaded shared library C:\Users\indie\.jdks\corretto-17.0.17\bin\management_ext.dll
Event: 2.958 Loaded shared library C:\Users\indie\.jdks\corretto-17.0.17\bin\extnet.dll
Event: 3.496 Loaded shared library C:\Users\indie\.jdks\corretto-17.0.17\bin\sunmscapi.dll
Event: 56.654 Loaded shared library C:\Users\indie\.jdks\corretto-17.0.17\bin\awt.dll

Deoptimization events (20 events):
Event: 91.079 Thread 0x000001837b9edf90 DEOPT PACKING pc=0x000001835acdd414 sp=0x00000069b2bf9790
Event: 91.079 Thread 0x000001837b9edf90 DEOPT UNPACKING pc=0x0000018360106e43 sp=0x00000069b2bf8c60 mode 0
Event: 91.160 Thread 0x000001837b9f0300 DEOPT PACKING pc=0x000001835afaae49 sp=0x00000069b28f9790
Event: 91.160 Thread 0x000001837b9f0300 DEOPT UNPACKING pc=0x0000018360106e43 sp=0x00000069b28f8d40 mode 0
Event: 91.244 Thread 0x000001837b9edf90 DEOPT PACKING pc=0x000001835afaae49 sp=0x00000069b2bf9810
Event: 91.244 Thread 0x000001837b9edf90 DEOPT UNPACKING pc=0x0000018360106e43 sp=0x00000069b2bf8dc0 mode 0
Event: 91.267 Thread 0x000001837b9f0300 DEOPT PACKING pc=0x000001835b569f44 sp=0x00000069b28f9430
Event: 91.267 Thread 0x000001837b9f0300 DEOPT UNPACKING pc=0x0000018360106e43 sp=0x00000069b28f89a8 mode 0
Event: 91.285 Thread 0x000001837b9edf90 DEOPT PACKING pc=0x000001835b8a8da2 sp=0x00000069b2bf9280
Event: 91.287 Thread 0x000001837b9edf90 DEOPT UNPACKING pc=0x0000018360106e43 sp=0x00000069b2bf8878 mode 0
Event: 91.351 Thread 0x000001837b9f0810 DEOPT PACKING pc=0x000001835afaae49 sp=0x00000069b2af9a40
Event: 91.351 Thread 0x000001837b9f0810 DEOPT UNPACKING pc=0x0000018360106e43 sp=0x00000069b2af8ff0 mode 0
Event: 91.379 Thread 0x000001837d48e840 DEOPT PACKING pc=0x000001835afc35ad sp=0x00000069b1df9930
Event: 91.379 Thread 0x000001837d48e840 DEOPT UNPACKING pc=0x0000018360106e43 sp=0x00000069b1df8fb8 mode 0
Event: 91.475 Thread 0x000001837b9ee9b0 DEOPT PACKING pc=0x000001835afc3610 sp=0x00000069b2cf9d50
Event: 91.475 Thread 0x000001837b9ee9b0 DEOPT UNPACKING pc=0x0000018360106e43 sp=0x00000069b2cf93e0 mode 0
Event: 91.504 Thread 0x000001837b9ee9b0 DEOPT PACKING pc=0x000001835afaade6 sp=0x00000069b2cf9a10
Event: 91.504 Thread 0x000001837b9ee9b0 DEOPT UNPACKING pc=0x0000018360106e43 sp=0x00000069b2cf8fc0 mode 0
Event: 92.550 Thread 0x000001837d48e840 DEOPT PACKING pc=0x000001835afc35ad sp=0x00000069b1df9930
Event: 92.550 Thread 0x000001837d48e840 DEOPT UNPACKING pc=0x0000018360106e43 sp=0x00000069b1df8fb8 mode 0

Classes loaded (20 events):
Event: 78.646 Loading class jdk/jfr/internal/ASMToolkit
Event: 78.646 Loading class jdk/jfr/internal/ASMToolkit done
Event: 78.647 Loading class jdk/jfr/internal/EventInstrumentation$FieldInfo
Event: 78.647 Loading class jdk/jfr/internal/EventInstrumentation$FieldInfo done
Event: 78.647 Loading class jdk/jfr/internal/EventWriterMethod
Event: 78.649 Loading class jdk/jfr/internal/EventWriterMethod done
Event: 78.652 Loading class jdk/jfr/internal/SecuritySupport$6
Event: 78.652 Loading class jdk/jfr/internal/SecuritySupport$6 done
Event: 78.654 Loading class jdk/jfr/internal/StringPool$SimpleStringIdPool
Event: 78.655 Loading class jdk/jfr/internal/StringPool$SimpleStringIdPool done
Event: 78.661 Loading class jdk/jfr/internal/handlers/EventHandler35084_1784398067051-1728
Event: 78.661 Loading class jdk/jfr/internal/handlers/EventHandler35084_1784398067051-1728 done
Event: 78.665 Loading class jdk/jfr/internal/handlers/EventHandler35087_1784398067051-1728
Event: 78.665 Loading class jdk/jfr/internal/handlers/EventHandler35087_1784398067051-1728 done
Event: 78.669 Loading class jdk/jfr/internal/handlers/EventHandler35090_1784398067051-1728
Event: 78.669 Loading class jdk/jfr/internal/handlers/EventHandler35090_1784398067051-1728 done
Event: 78.673 Loading class jdk/jfr/internal/handlers/EventHandler35094_1784398067051-1728
Event: 78.673 Loading class jdk/jfr/internal/handlers/EventHandler35094_1784398067051-1728 done
Event: 78.676 Loading class jdk/jfr/internal/handlers/EventHandler35097_1784398067051-1728
Event: 78.676 Loading class jdk/jfr/internal/handlers/EventHandler35097_1784398067051-1728 done

Classes unloaded (15 events):
Event: 58.944 Thread 0x0000018351183be0 Unloading class 0x000001830208c800 'java/lang/invoke/LambdaForm$DMH+0x000001830208c800'
Event: 58.944 Thread 0x0000018351183be0 Unloading class 0x000001830208c400 'java/lang/invoke/LambdaForm$DMH+0x000001830208c400'
Event: 58.944 Thread 0x0000018351183be0 Unloading class 0x0000018301fe1400 'java/lang/invoke/LambdaForm$DMH+0x0000018301fe1400'
Event: 58.944 Thread 0x0000018351183be0 Unloading class 0x0000018301fe1000 'java/lang/invoke/LambdaForm$DMH+0x0000018301fe1000'
Event: 58.944 Thread 0x0000018351183be0 Unloading class 0x0000018301fe0800 'java/lang/invoke/LambdaForm$DMH+0x0000018301fe0800'
Event: 58.944 Thread 0x0000018351183be0 Unloading class 0x0000018301fe0c00 'java/lang/invoke/LambdaForm$DMH+0x0000018301fe0c00'
Event: 58.944 Thread 0x0000018351183be0 Unloading class 0x0000018301fe0400 'java/lang/invoke/LambdaForm$DMH+0x0000018301fe0400'
Event: 58.944 Thread 0x0000018351183be0 Unloading class 0x0000018301fc8800 'java/lang/invoke/LambdaForm$DMH+0x0000018301fc8800'
Event: 58.944 Thread 0x0000018351183be0 Unloading class 0x0000018301fc8400 'java/lang/invoke/LambdaForm$DMH+0x0000018301fc8400'
Event: 68.647 Thread 0x0000018351183be0 Unloading class 0x0000018302280800 'java/lang/invoke/LambdaForm$DMH+0x0000018302280800'
Event: 68.648 Thread 0x0000018351183be0 Unloading class 0x0000018302280400 'java/lang/invoke/LambdaForm$DMH+0x0000018302280400'
Event: 68.648 Thread 0x0000018351183be0 Unloading class 0x0000018301fe1000 'java/lang/invoke/LambdaForm$DMH+0x0000018301fe1000'
Event: 68.648 Thread 0x0000018351183be0 Unloading class 0x0000018301fc8400 'java/lang/invoke/LambdaForm$DMH+0x0000018301fc8400'
Event: 68.648 Thread 0x0000018351183be0 Unloading class 0x0000018301fc8800 'java/lang/invoke/LambdaForm$DMH+0x0000018301fc8800'
Event: 68.648 Thread 0x0000018351183be0 Unloading class 0x000001830208c400 'java/lang/invoke/LambdaForm$DMH+0x000001830208c400'

Classes redefined (0 events):
No events

Internal exceptions (20 events):
Event: 78.645 Thread 0x000001837ba263a0 Exception <a 'java/lang/ClassNotFoundException'{0x00000007adce5270}: jdk/jfr/internal/handlers/EventHandler34946_1784398067051-1728> (0x00000007adce5270) 
thrown [s\src\hotspot\share\classfile\systemDictionary.cpp, line 256]
Event: 78.661 Thread 0x000001837ba263a0 Exception <a 'java/lang/ClassNotFoundException'{0x00000007add07b68}: jdk/jfr/internal/handlers/EventHandler35084_1784398067051-1728> (0x00000007add07b68) 
thrown [s\src\hotspot\share\classfile\systemDictionary.cpp, line 256]
Event: 78.665 Thread 0x000001837ba263a0 Exception <a 'java/lang/ClassNotFoundException'{0x00000007add1ae90}: jdk/jfr/internal/handlers/EventHandler35087_1784398067051-1728> (0x00000007add1ae90) 
thrown [s\src\hotspot\share\classfile\systemDictionary.cpp, line 256]
Event: 78.669 Thread 0x000001837ba263a0 Exception <a 'java/lang/ClassNotFoundException'{0x00000007add2e5a0}: jdk/jfr/internal/handlers/EventHandler35090_1784398067051-1728> (0x00000007add2e5a0) 
thrown [s\src\hotspot\share\classfile\systemDictionary.cpp, line 256]
Event: 78.673 Thread 0x000001837ba263a0 Exception <a 'java/lang/ClassNotFoundException'{0x00000007add430a8}: jdk/jfr/internal/handlers/EventHandler35094_1784398067051-1728> (0x00000007add430a8) 
thrown [s\src\hotspot\share\classfile\systemDictionary.cpp, line 256]
Event: 78.676 Thread 0x000001837ba263a0 Exception <a 'java/lang/ClassNotFoundException'{0x00000007af841c28}: jdk/jfr/internal/handlers/EventHandler35097_1784398067051-1728> (0x00000007af841c28) 
thrown [s\src\hotspot\share\classfile\systemDictionary.cpp, line 256]
Event: 78.836 Thread 0x000001837b9f0300 Exception <a 'sun/nio/fs/WindowsException'{0x00000007b46f4da8}> (0x00000007b46f4da8) 
thrown [s\src\hotspot\share\prims\jni.cpp, line 516]
Event: 79.675 Thread 0x000001837b9f0300 Exception <a 'sun/nio/fs/WindowsException'{0x00000007bf246d58}> (0x00000007bf246d58) 
thrown [s\src\hotspot\share\prims\jni.cpp, line 516]
Event: 81.021 Thread 0x000001837ba263a0 Exception <a 'java/lang/NoSuchMethodError'{0x00000007aea00d00}: 'int java.lang.invoke.DirectMethodHandle$Holder.invokeStatic(java.lang.Object, java.lang.Object, java.lang.Object, java.lang.Object, java.lang.Object, java.lang.Object)'> (0x00000007aea00d00) 
thrown [s\src\hotspot\share\interpreter\linkResolver.cpp, line 759]
Event: 81.110 Thread 0x000001837ba263a0 Exception <a 'java/lang/IncompatibleClassChangeError'{0x00000007b0d4b5d0}: Found class java.lang.Object, but interface was expected> (0x00000007b0d4b5d0) 
thrown [s\src\hotspot\share\interpreter\linkResolver.cpp, line 826]
Event: 81.907 Thread 0x000001837b9f0300 Exception <a 'sun/nio/fs/WindowsException'{0x00000007c8864970}> (0x00000007c8864970) 
thrown [s\src\hotspot\share\prims\jni.cpp, line 516]
Event: 83.304 Thread 0x000001837b9f0300 Exception <a 'sun/nio/fs/WindowsException'{0x00000007afb161e0}> (0x00000007afb161e0) 
thrown [s\src\hotspot\share\prims\jni.cpp, line 516]
Event: 87.690 Thread 0x000001837d48d910 Implicit null exception at 0x0000018360aa6bcc to 0x0000018360aa6d1c
Event: 87.741 Thread 0x000001837ba263a0 Exception <a 'java/lang/NoSuchMethodError'{0x00000007da241f30}: 'void java.lang.invoke.DirectMethodHandle$Holder.invokeStatic(java.lang.Object, java.lang.Object, java.lang.Object, java.lang.Object, int)'> (0x00000007da241f30) 
thrown [s\src\hotspot\share\interpreter\linkResolver.cpp, line 759]
Event: 89.898 Thread 0x000001837d48d910 Exception <a 'java/lang/NoSuchMethodError'{0x00000007aad34b80}: 'java.lang.Object java.lang.invoke.DirectMethodHandle$Holder.newInvokeSpecial(java.lang.Object, int, java.lang.Object, java.lang.Object, java.lang.Object)'> (0x00000007aad34b80) 
thrown [s\src\hotspot\share\interpreter\linkResolver.cpp, line 759]
Event: 89.908 Thread 0x000001837d48d910 Exception <a 'java/lang/NoSuchMethodError'{0x00000007aad395a0}: 'java.lang.Object java.lang.invoke.Invokers$Holder.linkToTargetMethod(int, java.lang.Object, java.lang.Object, java.lang.Object, java.lang.Object)'> (0x00000007aad395a0) 
thrown [s\src\hotspot\share\interpreter\linkResolver.cpp, line 759]
Event: 90.791 Thread 0x000001837ba263a0 Exception <a 'java/lang/NoSuchMethodError'{0x00000007c65613f0}: 'java.lang.Object java.lang.invoke.DirectMethodHandle$Holder.invokeStatic(java.lang.Object, java.lang.Object, java.lang.Object, java.lang.Object, int, java.lang.Object, java.lang.Object)'> (0x00000007c65613f0) 
thrown [s\src\hotspot\share\interpreter\linkResolver.cpp, line 759]
Event: 90.803 Thread 0x000001837ba263a0 Exception <a 'java/lang/NoSuchMethodError'{0x00000007c656bb78}: 'java.lang.Object java.lang.invoke.DirectMethodHandle$Holder.newInvokeSpecial(java.lang.Object, java.lang.Object, java.lang.Object, java.lang.Object, int, java.lang.Object, java.lang.Object)'> (0x00000007c656bb78) 
thrown [s\src\hotspot\share\interpreter\linkResolver.cpp, line 759]
Event: 90.811 Thread 0x000001837ba263a0 Exception <a 'java/lang/NoSuchMethodError'{0x00000007c6571270}: 'java.lang.Object java.lang.invoke.DirectMethodHandle$Holder.invokeSpecial(java.lang.Object, java.lang.Object, java.lang.Object, java.lang.Object, java.lang.Object, int, java.lang.Object, java.lang.Object)'> (0x00000007c6571270) 
thrown [s\src\hotspot\share\interpreter\linkResolver.cpp, line 759]
Event: 90.821 Thread 0x000001837ba263a0 Exception <a 'java/lang/NoSuchMethodError'{0x00000007c65762f0}: 'java.lang.Object java.lang.invoke.Invokers$Holder.linkToTargetMethod(java.lang.Object, java.lang.Object, java.lang.Object, int, java.lang.Object, java.lang.Object, java.lang.Object)'> (0x00000007c65762f0) 
thrown [s\src\hotspot\share\interpreter\linkResolver.cpp, line 759]

VM Operations (20 events):
Event: 86.303 Executing VM operation: ParallelGCFailedAllocation done
Event: 86.623 Executing VM operation: HandshakeAllThreads
Event: 86.625 Executing VM operation: HandshakeAllThreads done
Event: 87.253 Executing VM operation: HandshakeAllThreads
Event: 87.266 Executing VM operation: HandshakeAllThreads done
Event: 87.375 Executing VM operation: ICBufferFull
Event: 87.391 Executing VM operation: ICBufferFull done
Event: 87.419 Executing VM operation: HandshakeAllThreads
Event: 87.423 Executing VM operation: HandshakeAllThreads done
Event: 87.507 Executing VM operation: HandshakeAllThreads
Event: 87.508 Executing VM operation: HandshakeAllThreads done
Event: 87.749 Executing VM operation: ParallelGCFailedAllocation
Event: 89.851 Executing VM operation: ParallelGCFailedAllocation done
Event: 90.472 Executing VM operation: ICBufferFull
Event: 90.479 Executing VM operation: ICBufferFull done
Event: 91.077 Executing VM operation: HandshakeAllThreads
Event: 91.078 Executing VM operation: HandshakeAllThreads done
Event: 91.387 Executing VM operation: ParallelGCFailedAllocation
Event: 91.433 Executing VM operation: ParallelGCFailedAllocation done
Event: 92.440 Executing VM operation: Cleanup

Memory protections (0 events):
No events

Nmethod flushes (20 events):
Event: 87.406 Thread 0x0000018372359660 flushing  nmethod 0x000001835b5fcf90
Event: 87.406 Thread 0x0000018372359660 flushing  nmethod 0x000001835b625690
Event: 87.407 Thread 0x0000018372359660 flushing  nmethod 0x000001835b63dc10
Event: 87.407 Thread 0x0000018372359660 flushing  nmethod 0x000001835b660490
Event: 87.408 Thread 0x0000018372359660 flushing  nmethod 0x000001835b6aed90
Event: 87.408 Thread 0x0000018372359660 flushing  nmethod 0x000001835b6b6410
Event: 87.408 Thread 0x0000018372359660 flushing  nmethod 0x000001835b6bf590
Event: 87.408 Thread 0x0000018372359660 flushing  nmethod 0x000001835b6ce790
Event: 87.408 Thread 0x0000018372359660 flushing  nmethod 0x000001835b6cfa10
Event: 87.408 Thread 0x0000018372359660 flushing  nmethod 0x000001835b6dd090
Event: 87.408 Thread 0x0000018372359660 flushing  nmethod 0x000001835b6e6890
Event: 87.409 Thread 0x0000018372359660 flushing  nmethod 0x000001835b735190
Event: 87.409 Thread 0x0000018372359660 flushing  nmethod 0x000001835b73ff10
Event: 87.409 Thread 0x0000018372359660 flushing  nmethod 0x000001835b743510
Event: 87.409 Thread 0x0000018372359660 flushing  nmethod 0x000001835b75c710
Event: 87.409 Thread 0x0000018372359660 flushing  nmethod 0x000001835b75f590
Event: 87.410 Thread 0x0000018372359660 flushing  nmethod 0x000001835b796b90
Event: 87.410 Thread 0x0000018372359660 flushing  nmethod 0x000001835b7f1c10
Event: 87.411 Thread 0x0000018372359660 flushing  nmethod 0x000001835b844910
Event: 87.420 Thread 0x0000018372359660 flushing  nmethod 0x000001835b8abb90

Events (20 events):
Event: 56.760 Thread 0x000001837ba263a0 Thread added: 0x000001837ba2bec0
Event: 57.001 Thread 0x000001837ba263a0 Thread added: 0x000001837ba2af90
Event: 57.953 Thread 0x000001837ba263a0 Thread added: 0x000001837ba2d810
Event: 57.953 Thread 0x000001837ba263a0 Thread added: 0x000001837ba2c3d0
Event: 58.129 Thread 0x000001837ba29130 Thread exited: 0x000001837ba29130
Event: 58.130 Thread 0x000001837ba2c3d0 Thread added: 0x000001837ba2b4a0
Event: 58.130 Thread 0x000001837ba2af90 Thread exited: 0x000001837ba2af90
Event: 60.451 Thread 0x000001835119bd80 Thread added: 0x000001835119b2e0
Event: 66.189 Thread 0x000001837ba263a0 Thread added: 0x00000183475ff4f0
Event: 66.240 Thread 0x000001837ba263a0 Thread added: 0x00000183475ffa00
Event: 75.694 Thread 0x000001837c5a6000 Thread exited: 0x000001837c5a6000
Event: 75.695 Thread 0x000001837c5a5010 Thread exited: 0x000001837c5a5010
Event: 77.659 Thread 0x000001835119bd80 Thread added: 0x000001837e51fb10
Event: 80.927 Thread 0x000001837e51fb10 Thread exited: 0x000001837e51fb10
Event: 85.358 Thread 0x000001835119bd80 Thread added: 0x000001837c5a5010
Event: 85.830 Thread 0x000001835119bd80 Thread added: 0x000001837c5a3580
Event: 86.311 Thread 0x000001835119bd80 Thread added: 0x000001835119d810
Event: 86.664 Thread 0x000001835119bd80 Thread added: 0x000001837f2f39d0
Event: 87.399 Thread 0x000001835119d810 Thread added: 0x000001837f2f6450
Event: 89.852 Thread 0x000001837c5a3580 Thread added: 0x000001837f2f59b0


Dynamic libraries:
0x00007ff759920000 - 0x00007ff75992e000 	C:\Users\indie\.jdks\corretto-17.0.17\bin\java.exe
0x00007ffc69d40000 - 0x00007ffc69fa6000 	C:\Windows\SYSTEM32\ntdll.dll
0x00007ffc68a90000 - 0x00007ffc68b59000 	C:\Windows\System32\KERNEL32.DLL
0x00007ffc67010000 - 0x00007ffc6740e000 	C:\Windows\System32\KERNELBASE.dll
0x00007ffc67570000 - 0x00007ffc676bc000 	C:\Windows\System32\ucrtbase.dll
0x00007ffc63710000 - 0x00007ffc63728000 	C:\Users\indie\.jdks\corretto-17.0.17\bin\jli.dll
0x00007ffc449c0000 - 0x00007ffc449de000 	C:\Users\indie\.jdks\corretto-17.0.17\bin\VCRUNTIME140.dll
0x00007ffc68c60000 - 0x00007ffc68e27000 	C:\Windows\System32\USER32.dll
0x00007ffc678c0000 - 0x00007ffc678e7000 	C:\Windows\System32\win32u.dll
0x00007ffc53770000 - 0x00007ffc53a02000 	C:\Windows\WinSxS\amd64_microsoft.windows.common-controls_6595b64144ccf1df_6.0.26100.8875_none_3e0d5d42e32fe9dd\COMCTL32.dll
0x00007ffc68960000 - 0x00007ffc6898b000 	C:\Windows\System32\GDI32.dll
0x00007ffc67f00000 - 0x00007ffc67fa9000 	C:\Windows\System32\msvcrt.dll
0x00007ffc676d0000 - 0x00007ffc677fa000 	C:\Windows\System32\gdi32full.dll
0x00007ffc66f60000 - 0x00007ffc67003000 	C:\Windows\System32\msvcp_win.dll
0x00007ffc696f0000 - 0x00007ffc69722000 	C:\Windows\System32\IMM32.DLL
0x00007ffc4d8d0000 - 0x00007ffc4d8dc000 	C:\Users\indie\.jdks\corretto-17.0.17\bin\vcruntime140_1.dll
0x00007ffc27b80000 - 0x00007ffc27c09000 	C:\Users\indie\.jdks\corretto-17.0.17\bin\msvcp140.dll
0x00007ffbb7850000 - 0x00007ffbb84c4000 	C:\Users\indie\.jdks\corretto-17.0.17\bin\server\jvm.dll
0x00007ffc68770000 - 0x00007ffc68827000 	C:\Windows\System32\ADVAPI32.dll
0x00007ffc69c50000 - 0x00007ffc69cfa000 	C:\Windows\System32\sechost.dll
0x00007ffc695d0000 - 0x00007ffc696e8000 	C:\Windows\System32\RPCRT4.dll
0x00007ffc68890000 - 0x00007ffc68910000 	C:\Windows\System32\WS2_32.dll
0x00007ffc66de0000 - 0x00007ffc66e3e000 	C:\Windows\SYSTEM32\POWRPROF.dll
0x00007ffc5f8d0000 - 0x00007ffc5f906000 	C:\Windows\SYSTEM32\WINMM.dll
0x00007ffc5f910000 - 0x00007ffc5f91b000 	C:\Windows\SYSTEM32\VERSION.dll
0x00007ffc66dc0000 - 0x00007ffc66dd4000 	C:\Windows\SYSTEM32\UMPDC.dll
0x00007ffc65c40000 - 0x00007ffc65c5b000 	C:\Windows\SYSTEM32\kernel.appcore.dll
0x00007ffc4d280000 - 0x00007ffc4d28a000 	C:\Users\indie\.jdks\corretto-17.0.17\bin\jimage.dll
0x00007ffc64750000 - 0x00007ffc64992000 	C:\Windows\SYSTEM32\DBGHELP.DLL
0x00007ffc67b50000 - 0x00007ffc67ed3000 	C:\Windows\System32\combase.dll
0x00007ffc67a70000 - 0x00007ffc67b49000 	C:\Windows\System32\OLEAUT32.dll
0x00007ffc46230000 - 0x00007ffc4626b000 	C:\Windows\SYSTEM32\dbgcore.DLL
0x00007ffc67420000 - 0x00007ffc674cc000 	C:\Windows\System32\bcryptPrimitives.dll
0x00007ffc4d070000 - 0x00007ffc4d07f000 	C:\Users\indie\.jdks\corretto-17.0.17\bin\instrument.dll
0x00007ffc44210000 - 0x00007ffc44236000 	C:\Users\indie\.jdks\corretto-17.0.17\bin\java.dll
0x00007ffbfc9b0000 - 0x00007ffbfca87000 	C:\Users\indie\.jdks\corretto-17.0.17\bin\jsvml.dll
0x00007ffc68e30000 - 0x00007ffc695c2000 	C:\Windows\System32\SHELL32.dll
0x00007ffc649d0000 - 0x00007ffc65262000 	C:\Windows\SYSTEM32\windows.storage.dll
0x00007ffc67fc0000 - 0x00007ffc680b7000 	C:\Windows\System32\SHCORE.dll
0x00007ffc68a20000 - 0x00007ffc68a87000 	C:\Windows\System32\shlwapi.dll
0x00007ffc66e80000 - 0x00007ffc66ea9000 	C:\Windows\SYSTEM32\profapi.dll
0x00007ffc3dca0000 - 0x00007ffc3dcb8000 	C:\Users\indie\.jdks\corretto-17.0.17\bin\zip.dll
0x00007ffc3dc80000 - 0x00007ffc3dc9b000 	C:\Users\indie\.jdks\corretto-17.0.17\bin\net.dll
0x00007ffc603e0000 - 0x00007ffc60507000 	C:\Windows\SYSTEM32\WINHTTP.dll
0x00007ffc661f0000 - 0x00007ffc6625c000 	C:\Windows\system32\mswsock.dll
0x00007ffc3d8f0000 - 0x00007ffc3d906000 	C:\Users\indie\.jdks\corretto-17.0.17\bin\nio.dll
0x00007ffc4cf40000 - 0x00007ffc4cf50000 	C:\Users\indie\.jdks\corretto-17.0.17\bin\verify.dll
0x00007ffc47ef0000 - 0x00007ffc47f17000 	C:\Users\indie\.gradle\native\660c5614fbf4a5f2a75b1949f50a0caf5cd603558e7d8a26e50b933a0cfb79d1\windows-amd64\native-platform.dll
0x00007ffc03110000 - 0x00007ffc03187000 	C:\Users\indie\.gradle\native\0.2.8\x86_64-windows-gnu\gradle-fileevents.dll
0x00007ffc4abc0000 - 0x00007ffc4abca000 	C:\Users\indie\.jdks\corretto-17.0.17\bin\management.dll
0x00007ffc4aae0000 - 0x00007ffc4aaec000 	C:\Users\indie\.jdks\corretto-17.0.17\bin\management_ext.dll
0x00007ffc67fb0000 - 0x00007ffc67fb8000 	C:\Windows\System32\PSAPI.DLL
0x00007ffc655c0000 - 0x00007ffc655f3000 	C:\Windows\SYSTEM32\IPHLPAPI.DLL
0x00007ffc68950000 - 0x00007ffc6895a000 	C:\Windows\System32\NSI.dll
0x00007ffc60bc0000 - 0x00007ffc60bdd000 	C:\Windows\SYSTEM32\dhcpcsvc6.DLL
0x00007ffc60a00000 - 0x00007ffc60a25000 	C:\Windows\SYSTEM32\dhcpcsvc.DLL
0x00007ffc65650000 - 0x00007ffc657a6000 	C:\Windows\SYSTEM32\DNSAPI.dll
0x00007ffc65ff0000 - 0x00007ffc65ffd000 	C:\Windows\SYSTEM32\DSPARSE.dll
0x00007ffc4a830000 - 0x00007ffc4a839000 	C:\Users\indie\.jdks\corretto-17.0.17\bin\extnet.dll
0x00007ffc664f0000 - 0x00007ffc6650b000 	C:\Windows\SYSTEM32\CRYPTSP.dll
0x00007ffc65b80000 - 0x00007ffc65bb9000 	C:\Windows\system32\rsaenh.dll
0x00007ffc662b0000 - 0x00007ffc662e2000 	C:\Windows\SYSTEM32\USERENV.dll
0x00007ffc66e50000 - 0x00007ffc66e7a000 	C:\Windows\SYSTEM32\bcrypt.dll
0x00007ffc66510000 - 0x00007ffc6651c000 	C:\Windows\SYSTEM32\CRYPTBASE.dll
0x00007ffc4a730000 - 0x00007ffc4a73e000 	C:\Users\indie\.jdks\corretto-17.0.17\bin\sunmscapi.dll
0x00007ffc678f0000 - 0x00007ffc67a68000 	C:\Windows\System32\CRYPT32.dll
0x00007ffc66730000 - 0x00007ffc66760000 	C:\Windows\SYSTEM32\ncrypt.dll
0x00007ffc666e0000 - 0x00007ffc6671f000 	C:\Windows\SYSTEM32\NTASN1.dll
0x00007ffc607c0000 - 0x00007ffc607c8000 	C:\Windows\system32\wshunix.dll
0x00007ffbf7f10000 - 0x00007ffbf80a6000 	C:\Users\indie\.jdks\corretto-17.0.17\bin\awt.dll
0x00007ffc63820000 - 0x00007ffc638c0000 	C:\Windows\SYSTEM32\apphelp.dll
0x00007ffc63a80000 - 0x00007ffc63b29000 	C:\Windows\system32\uxtheme.dll
0x00007ffc698d0000 - 0x00007ffc69a2d000 	C:\Windows\System32\MSCTF.dll
0x00007ffc680c0000 - 0x00007ffc68259000 	C:\Windows\System32\ole32.dll

dbghelp: loaded successfully - version: 4.0.5 - missing functions: none
symbol engine: initialized successfully - sym options: 0x614 - pdb path: .;C:\Users\indie\.jdks\corretto-17.0.17\bin;C:\Windows\SYSTEM32;C:\Windows\WinSxS\amd64_microsoft.windows.common-controls_6595b64144ccf1df_6.0.26100.8875_none_3e0d5d42e32fe9dd;C:\Users\indie\.jdks\corretto-17.0.17\bin\server;C:\Users\indie\.gradle\native\660c5614fbf4a5f2a75b1949f50a0caf5cd603558e7d8a26e50b933a0cfb79d1\windows-amd64;C:\Users\indie\.gradle\native\0.2.8\x86_64-windows-gnu

VM Arguments:
jvm_args: --add-opens=java.base/java.lang=ALL-UNNAMED --add-opens=java.base/java.lang.invoke=ALL-UNNAMED --add-opens=java.base/java.util=ALL-UNNAMED --add-opens=java.prefs/java.util.prefs=ALL-UNNAMED --add-exports=jdk.compiler/com.sun.tools.javac.api=ALL-UNNAMED --add-exports=jdk.compiler/com.sun.tools.javac.util=ALL-UNNAMED --add-opens=java.base/java.util=ALL-UNNAMED --add-opens=java.prefs/java.util.prefs=ALL-UNNAMED --add-opens=java.base/java.nio.charset=ALL-UNNAMED --add-opens=java.base/java.net=ALL-UNNAMED --add-opens=java.base/java.util.concurrent=ALL-UNNAMED --add-opens=java.base/java.util.concurrent.atomic=ALL-UNNAMED --add-opens=java.xml/javax.xml.namespace=ALL-UNNAMED --add-opens=java.base/java.time=ALL-UNNAMED -XX:+HeapDumpOnOutOfMemoryError -XX:+UseParallelGC -Xms512m -Xmx4096m -Dfile.encoding=UTF-8 -Duser.country=ZA -Duser.language=en -Duser.variant -javaagent:C:\Users\indie\.gradle\wrapper\dists\gradle-9.2.1-bin\2t0n5ozlw9xmuyvbp7dnzaxug\gradle-9.2.1\lib\agents\gradle-instrumentation-agent-9.2.1.jar 
java_command: org.gradle.launcher.daemon.bootstrap.GradleDaemon 9.2.1
java_class_path (initial): C:\Users\indie\.gradle\wrapper\dists\gradle-9.2.1-bin\2t0n5ozlw9xmuyvbp7dnzaxug\gradle-9.2.1\lib\gradle-daemon-main-9.2.1.jar
Launcher Type: SUN_STANDARD

[Global flags]
     intx CICompilerCount                          = 12                                        {product} {ergonomic}
     bool HeapDumpOnOutOfMemoryError               = true                                   {manageable} {command line}
   size_t InitialHeapSize                          = 536870912                                 {product} {command line}
   size_t MaxHeapSize                              = 4294967296                                {product} {command line}
   size_t MaxNewSize                               = 1431306240                                {product} {ergonomic}
   size_t MinHeapDeltaBytes                        = 524288                                    {product} {ergonomic}
   size_t MinHeapSize                              = 536870912                                 {product} {command line}
   size_t NewSize                                  = 178782208                                 {product} {ergonomic}
    uintx NonNMethodCodeHeapSize                   = 7602480                                {pd product} {ergonomic}
    uintx NonProfiledCodeHeapSize                  = 122027880                              {pd product} {ergonomic}
   size_t OldSize                                  = 358088704                                 {product} {ergonomic}
    uintx ProfiledCodeHeapSize                     = 122027880                              {pd product} {ergonomic}
    uintx ReservedCodeCacheSize                    = 251658240                              {pd product} {ergonomic}
     bool SegmentedCodeCache                       = true                                      {product} {ergonomic}
   size_t SoftMaxHeapSize                          = 4294967296                             {manageable} {ergonomic}
     bool UseCompressedClassPointers               = true                           {product lp64_product} {ergonomic}
     bool UseCompressedOops                        = true                           {product lp64_product} {ergonomic}
     bool UseLargePagesIndividualAllocation        = false                                  {pd product} {ergonomic}
     bool UseParallelGC                            = true                                      {product} {command line}

Logging:
Log output configuration:
 #0: stdout all=warning uptime,level,tags
 #1: stderr all=off uptime,level,tags

Environment Variables:
JAVA_HOME=C:\Program Files\Microsoft\jdk-17.0.16.8-hotspot\
PATH=C:\Program Files\Microsoft\jdk-17.0.16.8-hotspot\bin;C:\Python313\Scripts\;C:\Python313\;C:\Windows\system32;C:\Windows;C:\Windows\System32\Wbem;C:\Windows\System32\WindowsPowerShell\v1.0\;C:\Windows\System32\OpenSSH\;C:\ProgramData\chocolatey\bin;C:\Program Files\Git\cmd;C:\Program Files\Amazon\AWSCLIV2\;C:\Program Files\nodejs\;C:\Users\indie\AppData\Local\Programs\Python\Python314\Scripts\;C:\Users\indie\AppData\Local\Programs\Python\Python314\;C:\Users\indie\AppData\Local\Programs\Python\Launcher\;C:\Users\indie\AppData\Local\Microsoft\WindowsApps;C:\Users\indie\AppData\Local\Programs\Microsoft VS Code\bin;C:\Program Files\JetBrains\WebStorm 2025.1.3\bin;;C:\Users\indie\AppData\Roaming\npm;C:\Users\indie\AppData\Local\Android\Sdk\platform-tools;C:\Users\indie\.bun\bin;C:\Users\indie\Documents\sqlite3;
USERNAME=indie
OS=Windows_NT
PROCESSOR_IDENTIFIER=AMD64 Family 25 Model 80 Stepping 0, AuthenticAMD
TMP=C:\Users\indie\AppData\Local\Temp
TEMP=C:\Users\indie\AppData\Local\Temp



Periodic native trim disabled


---------------  S Y S T E M  ---------------

OS:
 Windows 11 , 64 bit Build 26100 (10.0.26100.8875)
OS uptime: 2 days 3:02 hours
Hyper-V role detected

CPU: total 16 (initial active 16) (16 cores per cpu, 2 threads per core) family 25 model 80 stepping 0 microcode 0xa500014, cx8, cmov, fxsr, ht, mmx, 3dnowpref, sse, sse2, sse3, ssse3, sse4a, sse4.1, sse4.2, popcnt, lzcnt, tsc, tscinvbit, avx, avx2, aes, erms, clmul, bmi1, bmi2, adx, sha, fma, vzeroupper, clflush, clflushopt, hv
Processor Information for processor 0
  Max Mhz: 2000, Current Mhz: 1808, Mhz Limit: 2000
Processor Information for processor 1
  Max Mhz: 2000, Current Mhz: 1808, Mhz Limit: 2000
Processor Information for processor 2
  Max Mhz: 2000, Current Mhz: 1890, Mhz Limit: 2000
Processor Information for processor 3
  Max Mhz: 2000, Current Mhz: 1890, Mhz Limit: 2000
Processor Information for processor 4
  Max Mhz: 2000, Current Mhz: 1808, Mhz Limit: 2000
Processor Information for processor 5
  Max Mhz: 2000, Current Mhz: 1808, Mhz Limit: 2000
Processor Information for processor 6
  Max Mhz: 2000, Current Mhz: 1808, Mhz Limit: 2000
Processor Information for processor 7
  Max Mhz: 2000, Current Mhz: 1808, Mhz Limit: 2000
Processor Information for processor 8
  Max Mhz: 2000, Current Mhz: 1890, Mhz Limit: 2000
Processor Information for processor 9
  Max Mhz: 2000, Current Mhz: 1890, Mhz Limit: 2000
Processor Information for processor 10
  Max Mhz: 2000, Current Mhz: 1890, Mhz Limit: 2000
Processor Information for processor 11
  Max Mhz: 2000, Current Mhz: 1890, Mhz Limit: 2000
Processor Information for processor 12
  Max Mhz: 2000, Current Mhz: 1808, Mhz Limit: 2000
Processor Information for processor 13
  Max Mhz: 2000, Current Mhz: 1890, Mhz Limit: 2000
Processor Information for processor 14
  Max Mhz: 2000, Current Mhz: 1890, Mhz Limit: 2000
Processor Information for processor 15
  Max Mhz: 2000, Current Mhz: 1890, Mhz Limit: 2000

Memory: 4k page, system-wide physical 5981M (932M free)
TotalPageFile size 24413M (AvailPageFile size 29M)
current process WorkingSet (physical memory assigned to process): 1653M, peak: 1658M
current process commit charge ("private bytes"): 2885M, peak: 2893M

vm_info: OpenJDK 64-Bit Server VM (17.0.17+10-LTS) for windows-amd64 JRE (17.0.17+10-LTS), built on Oct 16 2025 05:23:10 by "Administrator" with unknown MS VC++:1944

END.
